Player,Team,Age,GP,W,L,Min,PTS,FGM,FGA,FG%,3PM,3PA,3P%,FTM,FTA,FT%,OREB,DREB,REB,AST,TOV,STL,BLK,PF,FP,DD2,TD3,+/-
Giannis Antetokounmpo,MIL,29,17,9,8,35.2,32.9,13.2,21.6,60.9,0.2,0.8,21.4,6.4,10.5,61.2,2.1,9.8,11.9,6.6,3.3,0.5,1.4,2.7,59.8,15,3,0.5
LaMelo Ball,CHA,23,18,6,12,34.1,31.1,10.7,24.9,43,4.7,13.1,35.6,4.9,5.8,84.8,0.9,4.4,5.4,6.9,4.5,1.1,0.2,4.1,47.4,4,0,-0.9
Shai Gilgeous-Alexander,OKC,26,20,15,5,34.6,30,10.4,20.7,50.4,2.1,6.1,34.4,7.1,8.3,85.5,1,4.5,5.5,6.5,2.8,1.7,1.1,1.9,51.7,2,0,10.5
Nikola Jokić,DEN,29,15,9,6,37.5,29.6,11.1,19.8,56.2,2.2,4.3,50.8,5.1,6.3,81.9,4.1,9.1,13.2,10.7,3.7,1.5,0.9,1.9,64.7,13,8,8.9
Paolo Banchero,ORL,22,5,3,2,36.4,29,9.6,19.4,49.5,2.2,6.4,34.4,7.6,11.8,64.4,2.4,6.4,8.8,5.6,2.2,0.6,0.8,2.6,50,2,0,5.8
Luka Dončić,DAL,25,15,8,7,36.6,28.6,10.2,22.7,44.9,3.3,9.9,32.9,4.9,6.4,77.1,0.5,7.1,7.6,8,3.3,1.7,0.3,2.7,52.5,5,0,6.1
Jayson Tatum,BOS,26,21,17,4,36.4,28.4,9.1,20.1,45.4,4,10.6,37.4,6.2,7.7,80.2,0.5,8.1,8.6,5.6,3,1.3,0.6,2.4,50,9,0,10.1
Anthony Davis,LAL,31,20,12,8,35.4,27.8,10,18.4,54.2,0.8,2.1,35.7,7.2,9.1,78.6,2.6,9,11.5,3.3,2,1.3,2,2,54.2,14,0,-1.4
De'Aaron Fox,SAC,26,21,9,12,37.7,27.5,10,20.3,49.3,2.1,6.3,34.1,5.3,6.6,80.6,1,4,5,5.9,3.6,1.6,0.1,2.6,44,4,0,0.8
Kevin Durant,PHX,36,12,10,2,37.3,26.8,9.6,18,53.2,2.8,6.3,43.4,4.9,6.1,80.8,0.3,6.7,6.9,3.2,3.3,0.6,1.6,1.8,43.1,1,0,3.3
Anthony Edwards,MIN,23,20,10,10,36.9,26.7,9.3,20.8,44.6,4.5,10.7,42.3,3.7,4.7,79.6,0.7,4.8,5.5,3.7,3,1.3,0.6,2,41.5,1,0,0.9
Damian Lillard,MIL,34,16,8,8,36.2,25.9,7.9,18,44.1,3.3,9.2,36.1,6.8,7.3,92.3,0.6,3.9,4.5,7.8,2.8,1,0.3,1.9,44.1,5,0,-0.2
Tyrese Maxey,PHI,24,12,3,9,36.2,25.9,9.3,22.2,41.7,3.3,9.8,33.3,4.2,4.9,84.7,0.2,3,3.2,4.5,1.8,2,0.3,2.7,41.6,1,0,-3.8
Jalen Brunson,NYK,28,20,12,8,34.5,25.4,8.7,17.9,48.6,2.6,6.2,41.1,5.5,6.5,84.5,0.5,2.5,3,7.9,2.3,0.7,0.1,2.5,40.5,5,0,5.2
Karl-Anthony Towns,NYK,29,19,11,8,33.3,25.2,9.1,17,53.3,2.4,5.2,45.5,4.7,5.5,85.7,2.9,10.1,13,3.2,2.2,0.8,0.8,3.3,48.4,17,0,4.7
Jaylen Brown,BOS,28,16,14,2,36.1,25,8.4,19.7,42.9,2.7,7.9,34.1,5.4,7,77.7,1.6,4.8,6.4,4.3,2.4,1.1,0.4,2.8,41,3,0,9.9
Kyrie Irving,DAL,32,19,12,7,35.4,24.8,9.3,18.4,50.4,3.2,6.9,46.6,3.1,3.5,87.9,1.2,3.7,4.8,5.6,2.1,1.2,0.2,2.3,41.2,0,0,5.4
Devin Booker,PHX,28,19,11,8,36.8,24.7,8,18.1,44.3,2.6,7.6,34.5,6.1,6.8,89.2,1.2,2.3,3.5,6.6,2.1,1,0.4,2.2,41.1,3,0,-1.9
Cam Thomas,BKN,23,17,7,10,33.4,24.7,8.1,17.5,46.1,2.9,7.4,38.9,5.7,6.6,86.6,0.4,2.9,3.2,3.4,2.8,0.7,0.1,2,33.1,0,0,-3.4
Donovan Mitchell,CLE,28,20,17,3,31.9,24.6,8.8,19.3,45.7,3.7,9.3,39.8,3.3,4.1,80.5,0.6,4.3,4.9,4,2.1,1.5,0.3,2.3,39.7,2,0,5.8
Victor Wembanyama,SAS,20,17,9,8,32.4,24,8.8,18.2,48.4,3.2,9.2,35,3.1,3.6,85.5,2.1,8.2,10.2,3.6,3.6,1.3,3.5,2.1,52.5,7,1,3.4
Tyler Herro,MIA,24,19,9,10,35.1,23.7,8.1,17.6,46.1,4.1,9.9,40.7,3.5,4,86.8,0.3,4.9,5.2,4.9,2.4,0.7,0.1,1.7,37.4,2,0,-1.6
RJ Barrett,TOR,24,18,5,13,34.5,23.7,8.7,18.9,45.7,2.1,5.8,35.6,4.3,6.2,69.4,0.9,5.4,6.3,6.2,3.4,0.8,0.3,2.5,40.5,4,1,-2.9
Norman Powell,LAC,31,16,9,7,32.9,23.6,8.1,16.5,49.2,3.9,7.9,49.6,3.4,4.1,83.1,0.3,2.6,2.9,2.3,2.1,1.1,0.2,1.8,32.3,1,0,0.2
Cade Cunningham,DET,23,18,8,10,36.2,23.5,8.8,19.9,44.3,2.3,6.2,37.5,3.5,4.3,80.8,1.1,6.1,7.2,9,4.7,0.9,0.8,2.6,46.2,10,4,-0.4
Franz Wagner,ORL,23,22,15,7,32.5,23.4,8.5,18.4,46.4,2.1,6.2,33.8,4.2,5,85.3,1,4.7,5.7,5.9,2.3,1.8,0.5,2.4,43.4,2,0,7.5
DeMar DeRozan,SAC,35,16,7,9,36.4,22.9,8.6,17,50.7,0.6,2.2,28.6,5.1,6.1,82.7,0.6,3.6,4.2,4.4,1.8,1.6,0.6,1.4,39.2,0,0,1.5
Brandon Ingram,NOP,27,16,4,12,33.7,22.9,9,19.4,46.5,2.4,6.7,36.4,2.4,2.9,83,1,4.8,5.8,5.4,3.9,0.8,0.6,2.6,38.4,0,0,-6.6
Zion Williamson,NOP,24,6,2,4,31.1,22.7,7.8,17.3,45.2,0.3,1,33.3,6.7,10,66.7,2.7,5.3,8,5.3,3.7,0.7,1.2,3,42.1,3,0,-2.3
Stephen Curry,GSW,36,15,9,6,29.9,22.5,7.5,16,46.7,4.2,9.7,43.4,3.3,3.5,94.3,0.5,5,5.5,6.3,3.3,1.5,0.5,1.3,41.2,1,0,8.1
Jaren Jackson Jr.,MEM,25,19,13,6,28.4,22.4,8,15.4,51.9,1.8,5.3,34,4.6,5.6,82.1,1.5,4.4,5.9,1.2,2.2,1.4,1.8,3.1,38.7,0,0,7.8
James Harden,LAC,35,22,13,9,34.4,22.3,6.4,16.6,38.5,2.9,8.4,34.6,6.6,7.4,89.5,0.6,6.5,7.2,8.9,4.4,1.7,0.7,2,47.1,12,1,2.4
LeBron James,LAL,39,21,12,9,34.9,22,8.3,17.3,48.2,1.9,5.5,34.5,3.4,4.5,74.7,1,7.1,8,9.1,4,0.6,0.5,1.1,44.5,12,6,-5.3
Zach LaVine,CHI,29,19,9,10,33.4,21.8,7.9,15.6,51,3.2,7.4,42.9,2.7,3.3,82.5,0.2,4.1,4.3,4.1,2.6,0.8,0.3,1.7,33.8,1,0,-0.4
Jalen Williams,OKC,23,20,15,5,32,21.5,8.4,16.7,50.5,2.1,5.3,39,2.7,3.3,80.3,0.9,5.4,6.3,5.2,2.3,2.1,1,2.9,43.7,2,0,5.5
Ja Morant,MEM,25,11,8,3,27.4,21.2,7.1,15.3,46.4,1.1,4.1,26.7,5.9,7,84.4,0.5,3.8,4.3,9,3.7,0.8,0.4,1.6,39.6,6,1,10.2
CJ McCollum,NOP,33,9,2,7,32.5,21,8.2,18.4,44.6,2.9,8.4,34.2,1.7,2.7,62.5,0.8,3,3.8,3.1,1.6,1.3,0.4,2,34,0,0,-7.9
Jordan Poole,WAS,25,16,2,14,30.1,21,7,15.6,44.8,3.2,7.6,42.1,3.8,4.3,88.4,0.3,2,2.3,4.9,3.4,1.9,0.5,3.4,34.8,0,0,-11.8
Julius Randle,MIN,30,20,10,10,33.8,21,7.2,14.4,50,1.6,4.6,34.8,5,6.2,81.3,1.8,5.1,6.8,4.1,2.8,0.8,0.1,2.6,35,3,0,0.3
Nikola Vučević,CHI,34,22,9,13,31.8,20.9,8.4,14.4,58.2,2.2,4.7,47.6,2,2.3,84.3,2,8,10,3.2,1.8,0.7,0.9,2.4,40.5,15,0,-2.5
Trae Young,ATL,26,21,10,11,35.7,20.9,6.3,16.3,38.8,2.7,8.3,32.2,5.6,6.2,89.3,0.7,3.2,3.9,12.2,4.8,1.3,0.1,2.1,43.3,15,0,0
Pascal Siakam,IND,30,21,9,12,34.1,20.8,8.1,15,54.1,1.8,4.4,41.3,2.8,3.4,80.6,1.8,4.6,6.4,4,1.5,0.8,0.2,2.9,36,2,0,0.3
Darius Garland,CLE,24,20,17,3,30.6,20.8,7.5,15.2,49.2,3.1,6.8,45.2,2.8,3,94.9,0.6,2,2.6,6.9,2.4,1.1,0.3,2.6,35.9,3,0,5.7
Scottie Barnes,TOR,23,10,4,6,33.7,20.7,7.5,16.9,44.4,1.5,5.5,27.3,4.2,5.9,71.2,2.4,6.3,8.7,7,3.4,1.4,0.6,2,44.2,5,1,-4.1
Domantas Sabonis,SAC,28,19,8,11,36.6,20.7,7.8,12.6,61.9,1.1,2.6,42.9,4,4.8,82.6,3.3,9.6,12.9,6.4,3.6,0.8,0.5,3.7,46,18,4,3.5
Brandon Miller,CHA,22,16,5,11,34.2,20.6,7.3,18.3,39.6,3.8,10.6,36.1,2.3,2.5,92.5,1.1,4.3,5.3,3.7,2.9,1.4,0.8,2.7,36.3,2,0,-2.1
Jalen Johnson,ATL,22,21,10,11,36.2,20,8,15.7,50.8,1.7,4.7,36.7,2.4,3.2,74.6,1.7,8.1,9.8,5.5,3.2,1.3,1.1,2,44.1,10,1,1.1
Joel Embiid,PHI,30,4,0,4,31.4,19.8,5.5,14.5,37.9,0.8,4.5,16.7,8,8,100,1.3,6.3,7.5,3.5,3.3,0.5,1,2.8,35.3,1,0,-7.8
Lauri Markkanen,UTA,27,16,3,13,32.2,19.6,6.2,13.6,45.6,2.8,6.9,39.6,4.5,5.3,84.7,1.7,4.9,6.6,2.3,1.4,0.8,0.1,1.8,32.1,1,0,-3.6
Kristaps Porziņģis,BOS,29,3,2,1,26.6,19.3,6.7,13.3,50,2,6,33.3,4,5,80,0.7,6.7,7.3,1.7,0.3,1.3,0.7,1.7,36.3,0,0,1.7
Jalen Green,HOU,22,21,15,6,32.2,18.9,6.4,16.2,39.3,2.5,7.8,31.7,3.6,4.2,85.4,0.5,4.1,4.7,2.7,2.6,1,0.3,1.9,29.7,1,0,3.3
Jimmy Butler,MIA,35,14,7,7,31.9,18.9,6,11.1,53.8,0.5,1.5,33.3,6.4,8.1,78.8,2.4,2.8,5.1,4.8,1.4,1.2,0.3,1.3,35.3,1,0,1.1
Alperen Sengun,HOU,22,21,15,6,30.8,18.8,7.2,15.2,47.2,0.4,1.5,25.8,4,5.2,76.4,3.5,7.3,10.9,5.3,2.1,1.1,1.2,2.7,44.8,15,3,8.5
Michael Porter Jr.,DEN,26,18,10,8,35.7,18.6,7.3,14.6,50.4,2.6,6.4,40.9,1.3,2.1,62.2,1.6,5.6,7.2,2.8,1.1,0.8,0.3,2.4,33.6,3,0,4.4
Dennis Schröder,BKN,31,20,8,12,34,18.6,6.3,14.3,44.2,2.6,6.6,38.6,3.4,3.8,89.5,0.2,2.9,3.1,6.6,2.5,1.2,0.2,2.5,33.6,3,0,0.8
De'Andre Hunter,ATL,27,11,8,3,27.4,18.5,6.1,12.5,48.6,2.5,5.8,42.2,3.9,4.4,89.6,0.6,3.5,4.1,1.2,1.4,0.6,0.2,2.6,26.3,0,0,1
Bennedict Mathurin,IND,22,21,9,12,32.4,18.5,6,12.3,48.8,1.8,4.1,43,4.8,5.7,84,1.2,5.5,6.8,1.9,2,0.7,0.2,2.4,30.1,5,0,-2
Jaden Ivey,DET,22,21,9,12,30.9,18.4,6.6,14.5,45.2,2,5.1,38.3,3.3,4.6,72.9,1.4,3,4.3,4.3,3,1,0.4,2.6,31.2,0,0,-0.8
Derrick White,BOS,30,20,17,3,34.2,18.4,6.4,13.4,47.8,3.9,9.2,41.8,1.7,2,85,1.3,3.6,4.8,4.6,1.5,0.8,1,2.5,34.8,0,0,9.4
Coby White,CHI,24,21,8,13,32.5,18.3,6,13.9,43.5,3.3,8.7,37.9,2.9,3.3,87.1,0.3,3.4,3.7,4.5,2.5,1.1,0.2,2.4,31.2,0,0,-3
Bradley Beal,PHX,31,11,8,3,33.4,18.2,6.9,13.7,50.3,2.5,6.2,39.7,1.9,2.4,80.8,0.5,3.2,3.7,3.2,1.5,1.2,0.8,2.6,31.9,0,0,-1.6
Gradey Dick,TOR,21,17,4,13,32.9,18.1,6.1,14.5,41.7,2.4,6.9,34.2,3.6,4,91.2,0.6,2.4,3.1,2.2,1.8,0.9,0.3,2.2,26.8,0,0,-1.8
Cameron Johnson,BKN,28,21,9,12,32.5,18.1,6.1,12.4,49,3.1,7.3,42.2,2.8,3.1,90.8,0.8,3.4,4.2,3,0.8,0.8,0.4,2,30.5,0,0,-1.8
Jamal Murray,DEN,27,15,7,8,35.8,18.1,6.5,15.3,42.4,2.1,6.2,33.3,3.1,3.9,79.3,0.5,3.5,4.1,6.2,2,1.4,0.5,1.7,35.8,1,0,7
Shaedon Sharpe,POR,21,13,5,8,30.7,18,6.5,15,43.6,1.8,6.2,28.4,3.2,4,78.8,0.8,2.3,3.2,2.3,1.9,0.9,0.2,1.8,26.8,0,0,-4.5
John Collins,UTA,27,19,4,15,29.1,17.9,6.8,12.8,53.3,1.1,2.9,37.5,3.2,3.5,90.9,2.6,6.2,8.8,2.5,2.5,1.3,0.8,3.1,36,7,0,-3.1
Evan Mobley,CLE,23,20,17,3,31.3,17.7,6.9,12.7,54.5,0.6,2,30.8,3.3,4,82.5,2.3,7,9.3,2.8,2.3,1.1,1.6,2.2,38.8,9,0,8.5
Andrew Wiggins,GSW,29,17,10,7,28.7,17.4,6,13.1,45.9,2.2,5.4,41.3,3.2,4.2,76.1,1.7,2.6,4.4,2.4,0.9,0.8,0.8,1.8,29.9,1,0,4.5
OG Anunoby,NYK,27,20,12,8,36.5,17.4,6.5,13.4,48.3,2.2,5.9,36.8,2.3,2.8,83.6,1.2,4.1,5.2,2,1.3,1.4,0.9,2.6,32.2,0,0,6.6
Trey Murphy III,NOP,24,9,1,8,32.5,17.3,6,15.4,38.8,2.6,8.3,30.7,2.8,3.3,83.3,0.9,4,4.9,2.3,1.4,0.9,0.7,2.1,29.9,0,0,-11
Anfernee Simons,POR,25,18,6,12,30.4,17.3,6.1,14.7,41.1,2.6,7.6,34.6,2.6,2.8,90.2,0.2,2.3,2.6,4.3,2.5,0.9,0.1,1.9,27.2,0,0,-4.4
Tyrese Haliburton,IND,24,21,9,12,34.9,17,5.8,14.3,40.5,2.9,8.7,33.5,2.5,3,85.5,0.8,2.6,3.4,8.6,1.9,1.3,0.5,1.7,37.4,8,0,-3
Collin Sexton,UTA,25,20,4,16,28.3,16.9,5.8,12.2,47.5,1.8,4.3,41.9,3.5,4,88.6,0.7,1.9,2.6,3.2,2.4,0.7,0.2,2.5,24.9,0,0,-3.5
Austin Reaves,LAL,26,19,11,8,33.7,16.7,5.8,13.2,44,2.6,7.4,35.5,2.5,3.3,77.4,0.8,2.7,3.5,4.8,2.3,1.1,0.2,2.2,29.8,0,0,-2.1
Devin Vassell,SAS,24,6,3,3,22.5,16.7,5.8,11.8,49.3,2.8,6.3,44.7,2.2,2.2,100,0.3,1,1.3,3,2,0.7,0.5,2.2,24.3,0,0,-13
Payton Pritchard,BOS,26,21,17,4,28,16.4,5.5,11.3,48.9,3.7,8.6,43.1,1.7,1.9,87.5,1,2.1,3.1,2.9,1,1.1,0.1,1.7,27.3,0,0,5.2
Chet Holmgren,OKC,22,10,8,2,26.5,16.4,5.6,11.1,50.5,1.4,3.7,37.8,3.8,4.9,77.6,1.6,7.1,8.7,2,2.3,0.8,2.6,1.8,37.7,4,0,9.1
Fred VanVleet,HOU,30,20,14,6,34.9,16.3,5.7,14.2,39.8,2.5,7.4,33.8,2.5,3,83.1,0.6,3.8,4.3,6.2,1.3,1.7,0.4,2.5,35.5,3,0,7.8
Mikal Bridges,NYK,28,20,12,8,38,16.3,6.8,14.6,46.6,2.3,6.8,33.1,0.4,0.7,61.5,1.1,2.7,3.8,3.2,1.5,1,0.6,1.3,28.6,0,0,4.7
Jared McCain,PHI,20,18,4,14,25.2,16,5.6,12.4,44.8,2.2,6.1,36.4,2.7,2.9,90.6,0.6,1.9,2.5,2.6,1.4,0.6,0,1.4,23.1,1,0,-2.8
Miles Bridges,CHA,26,11,4,7,30.1,16,5.6,13.3,42.5,2.2,6.3,34.8,2.5,3,84.8,0.7,5.8,6.5,3,1.4,0.6,0.5,1.4,30.3,0,0,-6.4
Jakob Poeltl,TOR,29,21,6,15,32.5,16,6.9,11.6,59,0,0,0,2.2,3.5,63.5,4.3,7.6,11.9,2.4,2.2,1.1,1.3,3.7,38.7,12,0,-2
Jerami Grant,POR,30,19,7,12,32.6,15.9,5.1,13.3,38.3,2.2,6.2,35.6,3.5,4.3,81.7,0.4,3.1,3.5,2.4,1.4,0.9,1,2.3,28.1,0,0,-6.7
Christian Braun,DEN,23,18,10,8,34.9,15.9,5.9,10.1,58.6,1.3,2.7,47.9,2.8,3.6,78.5,1.2,3.8,5.1,1.9,1.3,1.2,0.7,2.2,29.2,0,0,6.2
Malik Beasley,DET,28,22,9,13,28.8,15.9,5.6,12.9,43.7,3.6,9,39.9,1,1.4,71,0.7,2.3,3,2,1.2,0.7,0,1.5,23.6,1,0,2
Kyle Kuzma,WAS,29,12,1,11,27.5,15.8,6.3,15.1,42,1.3,4.8,27.6,1.8,2.7,68.8,0.7,4.9,5.6,1.9,2.4,0.4,0.3,1.9,25,1,0,-12.5
Myles Turner,IND,28,19,8,11,32.2,15.7,5.7,12.2,47,2,5.2,38.4,2.3,3.2,70.5,1.4,6.1,7.4,1.4,2.6,0.8,1.9,3.3,32.6,3,0,-3.4
Bam Adebayo,MIA,27,19,9,10,35.3,15.6,5.9,14.1,41.9,0.9,2.8,33.3,2.9,4,72.4,2.7,7.1,9.8,4.9,1.8,1.7,0.8,2.1,40.4,10,1,0.1
Jeremy Sochan,SAS,21,7,3,4,29.3,15.4,6.3,12.3,51.2,0.4,1.7,25,2.4,3.6,68,2.4,5.3,7.7,3,2.3,1,0.4,3,31.2,2,0,-1.3
Keyonte George,UTA,21,19,3,16,31.8,15.4,5.2,13.7,37.5,2.6,7.8,33.6,2.4,3.1,79.3,0.5,2.5,3,5.7,3.3,0.7,0.1,1.9,26.5,1,0,-9.2
Malik Monk,SAC,26,14,7,7,27.4,15.4,5.6,11.9,46.7,2.1,5.7,37.5,2.1,2.6,80.6,0.1,3.4,3.5,3.9,1.3,0.9,0.6,2.2,28.5,0,0,1.7
Immanuel Quickley,TOR,25,3,0,3,22.5,15.3,5.3,14,38.1,2,5.3,37.5,2.7,3,88.9,0.3,1.7,2,4,1.3,0.7,0,2.3,24.4,0,0,-9.7
Buddy Hield,GSW,31,19,12,7,23.3,15.3,5.4,11.6,46.4,3.4,7.7,44.2,1.2,1.3,91.7,0.7,2.7,3.5,1.6,1.2,0.8,0.3,2.2,23.9,0,0,3.4
Ivica Zubac,LAC,27,22,13,9,32.7,15.3,6.8,11.2,60.7,0,0,0,1.6,3,53.7,4,8.3,12.4,2.5,2.2,0.6,1,2.2,36.4,14,0,4
Jalen Suggs,ORL,23,21,14,7,29.1,15.2,5.2,12.5,41.6,2.1,6.7,32.1,2.7,2.9,93.4,0.6,3.6,4.2,4,2.8,1.3,1,2.7,30.6,0,0,1.5
Isaiah Hartenstein,OKC,26,5,4,1,31.5,15.2,6.6,10.8,61.1,0,0.2,0,2,3.2,62.5,2.8,11,13.8,3.8,2.2,0.4,1.6,3.6,41.3,5,0,8.2
Jordan Clarkson,UTA,32,13,3,10,26,15,5.2,13.4,39.1,1.7,6.2,27.5,2.8,3.5,80.4,0.8,3.1,3.8,3.8,2,0.8,0.1,1.5,26.2,0,0,-7.5
Aaron Gordon,DEN,29,8,4,4,29.5,14.8,5.1,9.6,53.2,1.6,3,54.2,2.9,3.4,85.2,2.4,3.6,6,3.3,1.3,0.8,0.3,1.9,28.6,2,0,5.5
Deandre Ayton,POR,26,14,4,10,30.6,14.7,6.7,12.2,55,0.4,1.1,31.3,0.9,1.4,68.4,2.9,7.4,10.3,1.3,1.9,0.9,0.6,2.1,31.8,9,0,-4.4
Malcolm Brogdon,WAS,31,7,0,7,24,14.6,5.4,9.9,55.1,0.7,2,35.7,3,3.4,87.5,0.9,3.7,4.6,2.9,1.6,0.6,0.3,2.4,25.3,2,0,-9.3
Paul George,PHI,34,9,2,7,28.6,14.4,5,13.2,37.8,1.8,6.2,28.6,2.7,3.3,80,0.9,4.8,5.7,4.8,3.1,2.1,0.2,2.4,32.3,1,0,-3.7
Jarrett Allen,CLE,26,21,18,3,29.7,14.2,5.8,8.2,69.9,0,0,0,2.7,3.6,73.7,2.3,8.3,10.7,1.6,1,0.9,1,1.2,34.1,14,0,3.9
Tre Mann,CHA,23,13,6,7,24.5,14.1,5.4,12.4,43.5,1.8,4.6,40,1.5,1.6,90.5,0.9,2,2.9,3,1.9,0.5,0.3,1.8,22.7,0,0,-4.2
Desmond Bane,MEM,26,14,9,5,27.5,13.9,5.2,12.6,41.5,1.8,5.9,30.5,1.7,2.2,77.4,0.8,5.6,6.4,3.9,2.2,0.9,0.5,2.6,29.3,2,0,3.1
Josh Hart,NYK,29,20,12,8,37.1,13.9,5.4,9.2,59,1.3,3.4,38.2,1.8,2.1,85.4,1.8,6.6,8.4,5.5,1.8,1.4,0.4,2.4,35.6,7,1,4.3
Dyson Daniels,ATL,21,20,11,9,33.8,13.8,5.8,13.1,44.3,1.2,4.2,28.9,1,1.6,64.5,1.7,3.5,5.2,3,1.9,3.1,1,2.6,34.6,1,0,-1.5
Jonathan Kuminga,GSW,22,17,12,5,22.8,13.5,5,11.6,43.1,1.1,3.6,29,2.5,4.1,60.9,1.1,3,4.1,1.8,1.4,1.1,0.4,1.9,24.2,0,0,2.1
Naz Reid,MIN,25,20,10,10,24.7,13.5,4.9,10.1,48.5,2,5.2,37.5,1.7,1.9,89.5,0.7,4.3,5,1.5,1.3,0.8,0.7,2.4,24.8,1,0,0.9
Tobias Harris,DET,32,21,9,12,32.5,13.4,5.2,11.8,44,1.3,4.3,31.1,1.7,2.1,80,1,6,7,2.4,1.3,0.7,0.9,2,29.1,2,0,-0.1
Klay Thompson,DAL,34,17,9,8,28.5,13.2,4.7,12.3,38.3,2.9,8,36.8,0.9,0.9,93.8,0.7,2.9,3.6,1.8,0.9,0.6,0.4,1.3,22.5,0,0,4.7
Dejounte Murray,NOP,28,5,1,4,31.2,13.2,4.4,16.2,27.2,1.2,5.6,21.4,3.2,3.6,88.9,0.4,5.8,6.2,6.6,3.6,2.4,0.4,2.2,35.3,1,0,-16.6
Jordan Hawkins,NOP,22,11,3,8,27.4,13.1,4.3,11.5,37.3,2,6,33.3,2.5,2.8,90.3,0.5,3.4,3.8,1.3,1.3,0.3,0.4,1.1,20.2,0,0,-7.5
Santi Aldama,MEM,23,21,14,7,27.5,13,5.3,10.6,50.2,1.5,4.4,33.7,0.9,1.1,78.3,1.7,5.7,7.4,3.4,1.4,0.8,0.4,1.2,29.3,6,0,5
Bobby Portis,MIL,29,18,9,9,23.7,12.8,5.4,11.8,46.2,1,3.1,32.7,0.9,1.2,72.7,1.8,5.6,7.4,1.3,1.2,0.4,0.6,1.4,25.4,2,0,-2.7
Kelly Oubre Jr.,PHI,28,18,4,14,30.8,12.7,5,11.6,43.1,1.1,4.4,25.3,1.6,2.1,76.3,1.6,3.5,5.1,1.3,1.4,1.1,0.6,3.2,24.4,0,0,-6.1
Daniel Gafford,DAL,26,20,12,8,21.5,12.7,5.4,7.5,72.5,0,0,0,1.9,2.8,67.9,2.9,3.9,6.8,1.4,0.9,0.6,1.2,2.7,27.3,2,0,0.3
Moritz Wagner,ORL,27,22,15,7,18.8,12.7,4.6,8.3,55.2,0.8,2.5,32.7,2.7,3.5,76.6,1.4,3.4,4.8,1.4,1.7,0.7,0.4,1.9,22,0,0,0.1
Bilal Coulibaly,WAS,20,17,2,15,35.1,12.6,4.6,9.6,48.2,1,3.2,30.9,2.4,3.1,75.5,1.5,3.8,5.4,2.8,1.9,1.3,0.6,2.4,27.2,0,0,-14.1
Brook Lopez,MIL,36,19,10,9,32.8,12.6,4.7,9.8,47.8,2.1,5.6,36.8,1.2,1.6,74.2,1.2,3.8,4.9,1.8,1.2,1.3,2.4,2.5,31,1,0,2
Dillon Brooks,HOU,28,21,15,6,30.8,12.6,4.6,11.1,41.5,2,5.4,38.1,1.3,1.5,84.4,1.3,2.3,3.6,1.5,0.9,0.6,0.2,3.1,20.8,0,0,8.4
P.J. Washington,DAL,26,16,12,4,32.6,12.5,4.8,10.4,45.8,1.3,3.7,35.6,1.7,2.2,77.1,1.8,6.9,8.6,2.3,1.6,1.4,1.1,2.2,32.4,7,0,4.4
Terry Rozier,MIA,30,17,7,10,29.6,12.5,4.4,10.8,40.2,2.1,5.7,36.1,1.7,1.9,87.9,0.6,3,3.6,3.2,1.7,0.6,0.4,1.6,22.7,0,0,-1.6
D'Angelo Russell,LAL,28,20,11,9,27.2,12.5,4.5,10.6,42,1.9,5.8,32.8,1.7,1.9,86.8,0.3,2.3,2.6,4.9,1.8,1,0.2,1.9,24.5,0,0,3.5
Jaylen Wells,MEM,21,21,14,7,25.3,12.2,4.5,9.8,45.9,2,5,39.6,1.3,1.7,77.1,0.9,2.5,3.4,1.9,1.2,0.4,0.2,1.6,19.7,0,0,3.3
Keegan Murray,SAC,24,21,9,12,36.7,12.2,4.8,11.5,41.5,1.5,5.6,27.4,1.1,1.4,82.8,2.5,5.2,7.8,1.6,1.1,0.7,0.7,3.1,27.1,7,0,2
Keldon Johnson,SAS,25,19,10,9,26.3,12.2,4.4,10.1,44,1.2,4,30.3,2.1,2.8,75.5,0.9,4.5,5.5,1.7,0.7,0.7,0.2,1.9,23.4,1,0,-4.5
Josh Giddey,CHI,22,22,9,13,27.1,12.1,4.5,10.2,44.4,1.2,3.6,33.8,1.8,2.5,69.6,1.3,5,6.3,6.9,2.5,0.8,0.5,1.6,31.2,4,1,-3.8
Ayo Dosunmu,CHI,24,22,9,13,29.3,12,4.7,9.8,48.1,1.1,4,27.6,1.5,1.9,78.6,0.6,3,3.6,4.2,1.3,0.5,0.5,2.3,24.4,0,0,-6
Brandon Boston Jr.,NOP,23,19,2,17,28.5,12,4.4,10.4,41.9,1.3,4.1,31.2,2,2.3,86.4,0.8,3.1,3.9,3.7,1.6,1.6,0.2,1.8,25.9,0,0,-6
Jabari Smith Jr.,HOU,21,21,15,6,29.2,12,4.2,9.5,44.5,1.7,4.7,35.7,1.9,2.1,86.7,1.9,5,6.8,0.8,0.6,0.3,0.8,2.2,24.1,3,0,4.6
Jonas Valančiūnas,WAS,32,18,2,16,20,12,4.8,8.2,58.1,0.1,0.4,25,2.3,2.5,93.3,2.2,5.3,7.6,2.2,1.7,0.4,0.7,1.8,25.9,4,0,-5.4
Ochai Agbaji,TOR,24,21,6,15,31.5,12,4.7,8.9,53.2,1.9,4,47.1,0.7,1,70,1,3.5,4.5,2.1,1,1,0.6,2.5,24.6,0,0,-4.1
Russell Westbrook,DEN,36,18,10,8,24.7,12,3.9,10.3,38.4,1.4,3.8,36.2,2.7,4.1,67.1,0.8,3.2,4.1,6.1,2.4,1.5,0.6,2.4,29.8,2,1,-4.8
Julian Champagnie,SAS,23,20,11,9,29.4,12,4.1,9.4,43.6,2.5,6.8,36,1.3,1.5,89.7,0.9,4.4,5.3,1.7,1.1,1,0.7,1.4,24.4,0,0,3
Rui Hachimura,LAL,26,16,9,7,31.9,11.9,4.4,9.6,45.5,1.6,3.6,43.1,1.6,1.9,83.9,2,3.3,5.3,1.8,0.6,0.8,0.5,2,24.3,1,0,-0.3
Deni Avdija,POR,23,21,8,13,27,11.9,3.8,9.4,40.6,1.2,3.9,32.1,3,3.8,79.7,1.2,4.9,6.1,3.2,2.1,1.1,0.9,2,27.7,2,0,-4.5
Amen Thompson,HOU,21,21,15,6,26.7,11.8,4.3,7.7,56.2,0.3,1,27.3,2.8,3.9,72,2.2,4.8,7,2,1.7,1.2,1,2.6,28,5,0,3.7
Ty Jerome,CLE,27,21,18,3,18.8,11.8,4.3,7.5,57,1.6,3.1,50,1.6,1.8,89.5,0.4,1.5,2,3.6,1.3,1.4,0,1.5,22.5,0,0,4
Scoot Henderson,POR,20,16,6,10,26.5,11.7,4.3,10.4,41.6,1,3.1,32,2.1,2.8,75,0.7,2.2,2.9,5.4,3.1,0.9,0.1,2.6,23.4,0,0,-6.9
Jrue Holiday,BOS,34,19,15,4,31.2,11.7,4.2,9.4,44.7,1.7,5.1,33.3,1.6,1.7,90.9,1.1,3.2,4.2,3.9,1.6,0.8,0.3,1.4,24.3,0,0,5.5
Zaccharie Risacher,ATL,19,22,11,11,24.3,11.6,4.2,10.3,41,1.3,4.7,28.2,1.9,2.7,68.3,1.1,2.4,3.5,1.4,1.2,0.9,0.8,2.2,21.7,0,0,-1.8
Caris LeVert,CLE,30,15,14,1,24.1,11.6,4.2,7.9,52.9,1.7,3.7,45.5,1.5,2,76.7,0.6,2.4,3,4.1,1.3,0.9,0.5,1.4,24.2,0,0,9.5
Dalton Knecht,LAL,23,21,12,9,24.3,11.6,4.2,8.9,47.6,2.3,5.6,41,0.8,1,77.3,0.6,2.8,3.4,1.1,0.4,0.5,0,1.5,18.4,0,0,-0.1
Scotty Pippen Jr.,MEM,24,21,14,7,24.4,11.6,4.4,9,48.4,1.1,3,35.9,1.7,2.3,75,0.7,3.1,3.8,5.5,2,1.1,0.4,2.7,26.9,5,1,-0.2
Harrison Barnes,SAS,32,20,11,9,29.1,11.6,3.8,7.4,51.4,1.5,3.3,46.2,2.5,3.1,80.3,1.9,3,4.9,1.7,0.8,0.3,0.2,0.8,20.5,1,0,2.1
Naji Marshall,DAL,26,20,12,8,24.1,11.6,4.7,8.6,54.4,0.8,2.6,29.4,1.5,1.7,88.2,1.2,2.2,3.4,2.4,1.5,1,0.1,1.6,20.9,0,0,3.6
Tyus Jones,PHX,28,19,11,8,32.5,11.5,4.5,9.5,47,2.1,5.2,39.4,0.5,0.6,75,0.7,2.1,2.7,7.2,1.1,1.1,0.1,1,28.1,3,0,-0.8
Stephon Castle,SAS,20,20,11,9,26.9,11.3,4,10.3,38.8,1.2,4.2,28.9,2.1,3,71.2,0.8,1.8,2.6,3.7,1.8,0.8,0.5,1.7,21.8,0,0,0.9
Corey Kispert,WAS,25,18,2,16,28.7,11.3,4.2,10,41.7,1.9,6.2,31.5,1,1.2,81.8,0.4,3.1,3.5,1.4,1.2,0.7,0.1,1.7,18.8,0,0,-8.2
Nick Richards,CHA,27,6,2,4,27.1,11.2,4,6.3,63.2,0,0.2,0,3.2,4.8,65.5,3.5,5.8,9.3,1.7,1.3,0.5,2.5,3.3,32.5,3,0,-4.5
Zach Edey,MEM,22,14,8,6,20.1,11.1,4.6,7.5,61,0.4,0.7,60,1.6,2.4,66.7,3.1,3.9,6.9,0.8,1.6,0.9,1,3.1,24.6,2,0,3.4
Bogdan Bogdanović,ATL,32,8,5,3,24.8,11.1,3.8,10.3,36.6,2.1,6.8,31.5,1.5,1.5,100,0.9,2.8,3.6,1.9,1.5,0.6,0.4,3,19.8,0,0,-3.9
Tari Eason,HOU,23,21,15,6,22.8,11.1,4.4,9.1,48.7,0.9,2.9,31.1,1.3,1.8,75.7,2.1,4.1,6.2,1.1,0.9,2,1.1,2.4,28.7,1,0,4.9
Onyeka Okongwu,ATL,23,20,10,10,23.6,11.1,4.3,7.9,54.1,0.4,1.8,20,2.2,2.7,81.5,2.3,4.3,6.6,1.7,1,0.7,0.7,2.1,24.5,4,0,-3
Miles McBride,NYK,24,15,8,7,25.4,10.9,4,8.6,46.5,2,4.9,40.5,0.9,1,86.7,0.6,2.1,2.7,2.5,0.9,1,0.3,1.7,20.6,0,0,5.8
Jose Alvarado,NOP,26,11,3,8,25.6,10.7,3.6,9.2,39.6,2.2,5.5,40,1.3,1.5,82.4,0.5,1.6,2.2,4.5,1.3,1.5,0.3,2.4,24.2,0,0,-6.9
Chris Paul,SAS,39,20,11,9,28.6,10.7,3.6,8,45.3,2,5.2,37.5,1.6,1.6,100,0.4,3.2,3.5,8.3,1.8,1.4,0.3,1.9,30.3,8,0,3.6
Rudy Gobert,MIN,32,20,10,10,34.3,10.7,4,6.1,65.6,0,0,0,2.7,3.5,78.3,3.6,7.7,11.2,1.9,1.7,0.5,1.5,3,31.1,9,0,3.2
Dorian Finney-Smith,BKN,31,15,6,9,29,10.7,3.8,8.1,46.7,2.3,5.5,42.2,0.7,1.2,61.1,1.8,2.5,4.3,1.8,1.1,0.9,0.5,3.1,21.8,0,0,3.7
Grayson Allen,PHX,29,15,10,5,23.1,10.7,3.3,8.5,39.4,2.3,6.4,35.4,1.7,2.2,78.8,0.5,2.1,2.7,1.2,1.2,0.7,0.3,1.3,17.5,0,0,-0.7
Clint Capela,ATL,30,22,11,11,22.8,10.6,4.7,7.9,59.5,0,0,0,1.2,2.2,56.3,3.5,5.7,9.2,1.4,0.8,0.7,1,1.8,27.7,5,0,1.3
Alexandre Sarr,WAS,19,18,2,16,26.8,10.6,3.9,10.5,37.6,1.1,4.6,24.4,1.6,2.3,66.7,1.9,4.1,6.1,2.1,1.3,0.7,1.8,2.8,27.4,2,0,-12.9
Walker Kessler,UTA,23,14,3,11,28.3,10.5,4.6,6.3,72.7,0,0,0,1.4,2.4,57.6,3.8,6.6,10.4,1.4,1.4,0.6,2.9,2.4,34,8,0,-6.9
Grant Williams,CHA,26,16,6,10,29.9,10.4,3.4,7.7,43.9,1.7,4.6,36.5,1.9,2.3,83.8,1.1,4,5.1,2.3,1.8,1.1,0.8,2.9,24.1,0,0,0.6
De'Anthony Melton,GSW,26,6,4,2,20.2,10.3,3.7,9,40.7,2.2,5.8,37.1,0.8,1.3,62.5,1,2.3,3.3,2.8,1.7,1.2,0.3,3,21.4,1,0,4.5
Duncan Robinson,MIA,30,18,8,10,21.9,10.3,3.7,9.4,38.8,2.4,6.8,36.1,0.6,0.7,76.9,0.4,1.8,2.2,2,0.9,0.4,0.2,2.1,16.9,0,0,1.9
Chris Boucher,TOR,31,21,6,15,18.2,10.1,3.7,7.8,47.6,1.1,3.8,28.8,1.6,2.1,75.6,1.2,3.3,4.5,0.6,0.6,0.6,0.8,1.2,20,0,0,-0.6
Luguentz Dort,OKC,25,20,15,5,29.2,10.1,3.4,8,41.9,2.2,5.3,41,1.2,1.5,82.8,1.4,3.2,4.6,2,0.7,1.2,0.8,3.1,23.7,0,0,6.6
T.J. McConnell,IND,32,20,9,11,19,10.1,4.7,8.4,56,0.1,0.3,33.3,0.6,0.8,73.3,0.6,2.1,2.7,4,1.6,1.4,0.3,1.1,22.5,0,0,-1.5
Derrick Jones Jr.,LAC,27,22,13,9,25.5,10,3.9,7.8,49.7,1.2,2.8,41.9,1.1,1.3,85.7,1.3,2.2,3.5,0.9,1.1,1.3,0.2,2.3,19,0,0,0.5
Marcus Smart,MEM,30,11,6,5,20.8,10,3.1,7.9,39.1,1.5,4.8,32.1,2.3,2.6,86.2,0.9,1.5,2.5,4.3,1.9,1.4,0.5,1.8,23.2,0,0,4.8
Patrick Williams,CHI,23,15,6,9,28.9,9.9,3.3,8.9,37.6,1.9,4.7,39.4,1.4,1.7,84,1.1,3.9,5,2.3,1.9,1,0.5,1.4,22.1,1,0,-5.2
Dalano Banton,POR,25,19,7,12,16.6,9.9,3.5,8.1,43.5,1.4,3.4,40,1.5,2.3,65.1,0.3,2.1,2.4,2.5,1.8,1.1,0.6,1.2,19.8,0,0,2.9
Peyton Watson,DEN,22,18,10,8,26,9.9,3.7,7.7,48.6,0.9,2.5,35.6,1.6,2,77.8,1.1,2.5,3.6,1.3,0.8,0.8,1,2.1,20.6,0,0,1.1
Caleb Martin,PHI,29,16,3,13,32,9.9,3.4,8.2,41.2,0.9,2.9,30.4,2.3,3.3,67.9,1.6,3.4,4.9,2.5,2,1.1,0.6,1.9,22.4,1,0,-7.4
Jaden McDaniels,MIN,24,20,10,10,30.1,9.9,3.9,8.9,43.8,1.2,3.9,29.5,0.9,1.3,69.2,1.2,2.5,3.7,1.9,1.2,1.2,0.9,3.3,21.9,0,0,-2.1
Tim Hardaway Jr.,DET,32,19,7,12,27.5,9.8,3.2,7.9,39.7,1.9,5.5,35.6,1.6,1.8,88.2,0.2,1.6,1.7,1.7,0.6,0.3,0,1.2,14.7,0,0,-3.8
Amir Coffey,LAC,27,22,13,9,23.9,9.7,3.4,7.2,46.5,1.5,3.7,41.5,1.5,1.7,84.2,0.7,1.9,2.5,1.2,0.6,0.6,0,1.5,15.9,0,0,2.8
Guerschon Yabusele,PHI,28,18,4,14,23.4,9.7,3.6,7.3,48.5,1.7,3.9,43.7,0.9,1.5,59.3,1.8,3.7,5.5,1.7,1.3,0.7,0.5,2.8,21.1,1,0,-1
Trendon Watford,BKN,24,9,4,5,18.2,9.7,3.3,7.3,45.5,0.7,2.3,28.6,2.3,2.9,80.8,0.4,2.9,3.3,1.4,1.6,0.6,0.4,2.7,17.3,0,0,-4.2
Robert Williams III,POR,27,7,2,5,18.8,9.6,3.9,5.4,71.1,0.1,0.3,50,1.7,1.9,92.3,2.1,3.9,6,1.4,1,1.1,1.9,1,26.9,0,0,-3.7
Royce O'Neale,PHX,31,19,11,8,25,9.5,3.4,7.9,42.7,2.2,5.1,42.7,0.6,0.9,70.6,1.3,4.6,5.9,2.1,0.9,0.9,0.7,2.3,23.9,0,0,0.6
Nickeil Alexander-Walker,MIN,26,20,10,10,24.4,9.5,3.4,6.6,51.5,1.7,3.7,45.2,1.1,1.4,77.8,0.7,2.1,2.8,2.6,1.4,1,0.4,1.7,19.2,1,0,4.3
Al Horford,BOS,38,16,12,4,27.8,9.4,3.4,7.4,46.2,2.2,5.4,40.7,0.4,0.4,100,1,4.1,5.1,2.3,0.9,0.8,0.9,1.5,23.2,1,0,5.8
Toumani Camara,POR,24,21,8,13,31.1,9.4,3.5,8.3,42,1.7,4.2,39.3,0.8,1.2,68,2.3,2.9,5.2,2.3,1.7,1.5,0.4,3,23.2,0,0,-4.4
Aaron Wiggins,OKC,25,20,15,5,21.1,9.4,3.7,8.2,45.1,1.5,3.7,41.1,0.5,0.7,76.9,1.1,2.7,3.8,1.6,0.8,0.8,0.3,1.3,18.5,0,0,3.8
Jaime Jaquez Jr.,MIA,23,15,8,7,22.3,9.3,3.4,8.1,41.8,0.6,2,30,1.9,2.8,69,1.5,4.2,5.7,2.5,1.5,1.1,0.1,1.3,21.9,1,0,-0.9
Obi Toppin,IND,26,20,8,12,20,9.3,3.8,7,53.6,1,3.1,30.6,0.9,1,85,0.7,2.7,3.4,1.7,0.7,0.6,0.4,1.2,17.8,0,0,-5.7
Aaron Nesmith,IND,25,6,2,4,22.7,9.2,3.2,6,52.8,1,1.8,54.5,1.8,2.2,84.6,0.7,3.3,4,1,0.8,0.7,0.3,4,17.6,0,0,-1.5
Jay Huff,MEM,27,21,14,7,14.9,9.1,3.2,6,53.2,1.6,3.8,43,1.1,1.6,72.7,0.6,1.9,2.4,0.8,0.6,0.3,1.4,1.3,17.7,0,0,-0.1
Donte DiVincenzo,MIN,27,20,10,10,25.7,9.1,3.1,8.6,36,2.3,6.8,33.3,0.6,0.8,75,0.3,2.8,3.1,3.6,1.8,1.3,0.3,1.8,20.9,0,0,0.9
Yves Missi,NOP,20,21,4,17,24.6,9,3.6,6.4,56.7,0,0,0,1.8,2.9,61.7,3.5,4.2,7.8,1.4,1.3,0.7,1.2,1.9,25,5,0,-7.5
Jusuf Nurkić,PHX,30,16,9,7,24.1,8.9,2.9,7,42,0.9,2.9,29.8,2.2,3.3,67.3,1.8,8.1,9.9,1.3,2.3,0.9,0.6,2.9,25.2,6,0,-2
Jalen Wilson,BKN,24,21,8,13,24.3,8.9,3,6.6,45.3,1.3,3.7,36.4,1.6,1.8,86.8,1,2.6,3.7,1.6,1,0.3,0,2.4,15.7,0,0,-1
Quentin Grimes,DAL,24,19,12,7,20.4,8.9,3.1,6.3,49.6,1.6,3.6,44.1,1.1,1.7,63.6,0.7,3,3.7,1.5,0.9,0.7,0.2,1.7,17.4,0,0,6.3
Julian Strawther,DEN,22,18,10,8,20.6,8.9,3,6.6,45.4,1.4,3.4,41,1.5,1.9,79.4,0.3,1.8,2.1,1.3,0.9,0.8,0.4,2.8,16,0,0,-5.9
Kevin Huerter,SAC,26,18,8,10,25.8,8.9,3.4,8.4,40.8,1.6,5.6,27.7,0.4,0.7,61.5,0.3,3.1,3.4,2.1,1.1,1.1,0.6,2.3,19.8,0,0,-3.7
Wendell Carter Jr.,ORL,25,9,6,3,25.5,8.9,3.1,5.9,52.8,0.4,2.3,19,2.2,2.9,76.9,1.9,6,7.9,2.2,1.1,1.1,0.7,2.4,25.9,1,0,9.6
Draymond Green,GSW,34,19,12,7,28.5,8.8,2.9,6.7,43.3,1.5,3.8,40.3,1.5,2.5,60.4,0.9,5.3,6.3,5.9,2.3,1,1.1,3.3,29.2,2,0,6.3
Jake LaRavia,MEM,23,21,14,7,23.7,8.8,3.1,6.1,51.2,0.9,2.2,40.4,1.6,2.4,68,1.5,3.3,4.8,3.9,1.3,0.8,0.8,2.3,23.8,1,0,6.1
Kevin Porter Jr.,LAC,24,21,12,9,18.7,8.8,3.7,8.9,41.4,0.4,2.3,18.4,1,1.7,62.9,0.7,2.9,3.5,2.8,2.3,0.9,0.3,1.3,18.4,0,0,0.2
Jalen Duren,DET,21,20,8,12,24,8.8,3.6,5.1,69.6,0,0,0,1.7,3,57.6,3.1,6.5,9.6,2.5,1.9,0.3,1.3,3,26.8,8,0,-3.3
Carlton Carrington,WAS,19,18,2,16,27.7,8.8,3.2,7.9,40.1,1.4,3.9,35.2,1.1,1.3,79.2,0.2,3.7,3.9,4.4,1.9,1.2,0.3,2.9,22.6,1,0,-12.2
Dereck Lively II,DAL,20,16,11,5,22.6,8.8,3.6,5.1,70.7,0,0,0,1.5,2.4,63.2,2.6,4.5,7.1,2.3,0.9,0.6,1.6,3,26.4,3,0,5.5
Taurean Prince,MIL,30,19,10,9,28.8,8.7,3.1,6.2,50,2.1,3.8,54.2,0.5,0.6,81.8,0.7,3.9,4.6,1.8,1.2,0.9,0.2,2.3,19.1,1,0,-1.8
Nic Claxton,BKN,25,16,5,11,24.8,8.7,3.9,6.1,63.3,0,0.1,0,0.9,2.1,44.1,1.9,5.8,7.6,2.3,1.3,0.6,1.3,2.6,25.6,3,0,-1.4
Kentavious Caldwell-Pope,ORL,31,21,14,7,30,8.6,3,7.2,41.1,1.5,4.8,31,1.2,1.3,96.3,0.4,1.7,2.1,1.9,0.7,1.5,0.6,2,19.7,0,0,5
Ziaire Williams,BKN,23,21,9,12,21.8,8.6,3,7.6,40.3,0.9,3.1,27.3,1.7,2.1,79.5,1,3.3,4.4,1.1,0.9,1,0.3,2.7,18.5,1,0,-3.2
Isaiah Joe,OKC,25,18,14,4,22.2,8.6,3,7.7,38.8,2.2,6.2,36,0.4,0.6,70,0.6,2.1,2.7,1.6,0.6,0.8,0.2,1.9,16.7,0,0,6.9
Cody Martin,CHA,29,20,6,14,25.1,8.6,3.2,7.2,44.1,1.3,3.5,35.7,1.1,1.6,65.6,1.2,3.7,4.9,2.4,0.9,1.2,0.8,1.9,22.9,0,0,0.2
Josh Okogie,PHX,26,10,3,7,15.8,8.5,3.1,5.8,53.4,1,1.9,52.6,1.3,2,65,1.4,2.1,3.5,0.6,0.9,0.9,0.1,1.2,15.7,0,0,-3.3
Mike Conley,MIN,37,16,10,6,25.8,8.5,2.5,7.4,33.6,1.9,5.3,36.9,1.6,1.8,89.3,0.5,2.4,2.9,4.7,1.4,1.6,0.2,1.7,23.1,1,0,3.5
Jaylen Nowell,NOP,25,8,1,7,21,8.4,3.3,9.1,35.6,1,3.4,29.6,0.9,1.4,63.6,0.8,1.8,2.5,2.3,1,0.1,0.5,1.1,15.6,0,0,-5.3
Anthony Black,ORL,20,22,15,7,24.1,8.3,2.8,6.9,41.1,0.7,2.5,28.6,2,2.7,72.9,0.5,2.2,2.7,4,2.2,1,0.8,2.2,20.5,0,0,2.1
Georges Niang,CLE,31,21,18,3,20.1,8.3,3.1,7.2,43.7,1.7,4.8,34.7,0.3,0.4,77.8,0.6,2.9,3.5,1.2,1,0.4,0.2,2.1,15,0,0,4.8
Cameron Payne,NYK,30,16,11,5,17.8,8.3,3,6.8,44,1.8,4.1,43.9,0.4,0.6,77.8,0.4,1.7,2.1,3.4,0.6,0.8,0.4,2.3,18.5,0,0,3.4
Gary Trent Jr.,MIL,25,17,10,7,25.1,8.2,2.8,7.2,38.2,1.8,4.8,37.8,0.9,0.9,93.8,0.2,1.8,2,0.9,0.6,0.9,0,2.3,14.2,0,0,-1.9
Goga Bitadze,ORL,25,18,14,4,22.2,8.2,3.4,5.1,67.4,0,0.4,0,1.3,1.7,77.4,2.6,4.5,7.1,1.8,1.4,0.8,1.7,2.6,25.5,6,0,5.1
AJ Green,MIL,25,18,10,8,20.1,8.2,2.7,5.6,49,2.4,5.1,47.8,0.3,0.3,83.3,0.2,1.8,2,0.9,0.5,0.6,0.1,1.8,13.2,0,0,2.5
Garrison Mathews,ATL,28,18,8,10,17.9,8.2,2.4,5.3,45.3,2.1,4.4,46.8,1.3,1.6,82.8,0.2,0.9,1.1,1.4,0.6,0.7,0.2,1.7,13.7,0,0,-2.3
Andrew Nembhard,IND,24,8,4,4,25.2,8.1,3.3,7.9,41.3,0.6,2.3,27.8,1,1.3,80,0.1,1.9,2,4.6,1.3,1,0,2.1,19.2,0,0,1.1
Andre Drummond,PHI,31,17,4,13,20.3,8.1,3.2,6.2,52.4,0.1,0.4,16.7,1.5,2.8,55.3,2.9,5.3,8.2,0.6,1.7,1.3,0.5,2.5,22.3,3,0,-6.4
Brice Sensabaugh,UTA,21,14,1,13,16.2,8,2.8,6.3,44.3,1.7,4.1,42.1,0.7,0.8,90.9,0.8,1.6,2.4,0.7,1.2,0.6,0.1,0.9,12.6,0,0,-7.1
Trayce Jackson-Davis,GSW,24,19,12,7,16.8,7.9,3.6,5.9,60.2,0,0.1,0,0.8,1.4,57.7,1.6,3.5,5.1,2.1,0.8,0.3,0.7,1.3,19.2,1,0,0.9
Kyshawn George,WAS,20,18,2,16,27,7.9,2.8,8.2,34,1.3,5.3,25.3,1.1,1.4,73.1,0.7,3.3,4,2.7,1.1,0.7,0.7,3.3,19.9,0,0,-6.1
Larry Nance Jr.,ATL,31,9,3,6,15.6,7.9,3.1,4.8,65.1,1.6,2.4,63.6,0.1,0.2,50,1.1,1.3,2.4,1.2,0.4,0.8,0.3,1.2,15.5,0,0,-3
Sam Hauser,BOS,26,17,13,4,22.3,7.8,2.9,6.9,41.9,2,5.7,35.1,0.1,0.1,100,0.8,2.7,3.5,1.2,0.4,0.8,0.2,1.3,16.6,0,0,5.2
Moses Moody,GSW,22,19,12,7,15.9,7.7,2.7,6.1,44.3,1.4,3.5,38.8,1,1.4,73.1,0.5,1.5,2,0.9,0.9,0.3,0.3,1.2,12.4,0,0,-0.8
Brandin Podziemski,GSW,21,18,11,7,24.2,7.7,3,7.9,37.8,0.8,3.6,21.5,0.9,1.3,73.9,1.1,3.6,4.7,3.5,1.2,0.7,0.4,1.8,20.7,0,0,2.8
Nikola Jović,MIA,21,14,7,7,18.2,7.7,2.8,6.2,44.8,1,3.1,31.8,1.1,1.4,80,0.6,3.1,3.7,1.3,0.6,0.9,0.1,1.4,16.5,0,0,-1.1
Jalen Smith,CHI,24,19,8,11,14.5,7.7,2.7,5.9,45.1,1.2,3.3,36.5,1.1,1.5,75,1.4,3.8,5.2,0.7,0.7,0.4,0.6,1.5,17.3,0,0,-0.8
Tristan da Silva,ORL,23,18,13,5,24.2,7.6,2.9,7.2,40.3,1.2,3.7,32.8,0.6,0.8,78.6,0.8,2.9,3.7,1.8,0.5,0.4,0.2,1.4,16.1,0,0,0.8
Jeremiah Robinson-Earl,NOP,24,22,4,18,21.1,7.5,2.8,6.3,44.9,0.9,2.6,33.3,1,1.1,88,2.1,3,5.2,1.1,0.9,0.7,0.1,1.3,17,2,0,-6.8
Josh Green,CHA,24,18,5,13,26.5,7.5,2.7,6.1,45,1.6,3.3,49.2,0.4,0.7,61.5,0.9,1.6,2.4,1.6,0.8,0.7,0.3,2.8,15.1,0,0,-5.1
Noah Clowney,BKN,20,15,6,9,16.5,7.5,2.5,6.3,39.4,1.5,4.1,37.7,1,1.4,71.4,0.9,2.2,3.1,0.7,0.7,0.3,0.6,2.4,14.3,0,0,-3.9
Quenton Jackson,IND,26,13,5,8,17.8,7.5,2.9,5.5,52.8,0.7,1.8,39.1,0.9,1.3,70.6,0.8,1.2,1.9,2.2,0.8,0.7,0.4,2.1,15.5,0,0,-1.8
Talen Horton-Tucker,CHI,24,16,3,13,10.9,7.4,2.6,4.6,56.2,1,1.9,51.6,1.3,1.7,74.1,0.5,1.4,1.9,1.5,0.5,0.1,0.2,0.8,12.3,0,0,1.7
Spencer Dinwiddie,DAL,31,19,12,7,20.9,7.4,2.2,5.6,39.3,1.2,3.5,34.8,1.7,2,86.8,0.2,1.5,1.6,3.2,0.7,0.7,0.2,1.6,16.1,0,0,1.6
Kyle Filipowski,UTA,21,14,3,11,19,7.3,2.8,5.4,51.3,0.6,2.1,30,1.1,2.1,51.7,0.9,3.8,4.7,2.1,1,0.6,0.1,1.6,17.3,0,0,-5.4
Luke Kennard,MEM,28,13,10,3,20.8,7.2,2.4,5.5,43.7,1.6,3.9,41.2,0.8,1.1,78.6,0.5,2,2.5,3.2,0.8,0.6,0.2,0.7,16.5,0,0,6.1
Tyrese Martin,BKN,25,9,3,6,14.7,7.2,2.4,4.9,50,1.9,3.7,51.5,0.4,0.6,80,0.4,1.8,2.2,1.1,0.4,0.3,0.2,1.3,12.8,0,0,-4.7
Malaki Branham,SAS,21,16,8,8,13.4,7.2,2.6,5.6,46.1,1,2.4,42.1,1.1,1.3,85,0.2,1.6,1.8,1.3,1.3,0.4,0.1,0.7,11.5,0,0,-2.5
Keon Ellis,SAC,24,20,9,11,21.6,7.1,2.3,4.8,47.9,1.5,3.4,44.1,1,1.3,80,0.8,1.3,2.1,1,0.9,1.1,0.9,2.1,16,0,0,0.8
Davion Mitchell,TOR,26,21,6,15,27.9,7.1,2.7,6.8,39.9,0.9,3.2,27.9,0.8,1.1,66.7,0.5,1.7,2.2,5.3,2.1,0.9,0.2,2.8,18.9,1,0,-0.3
Isaiah Jackson,IND,22,5,1,4,16.8,7,2.8,4.6,60.9,0,0,0,1.4,2.8,50,2.2,3.4,5.6,1,1,0.6,1.6,2.8,20.8,0,0,2
JT Thor,CLE,22,2,2,0,7.2,7,2.5,2.5,100,1,1,100,1,1,100,0,1,1,0,1,1,1,1,13.2,0,0,-1
Jordan Miller,LAC,24,11,6,5,13.4,6.9,2.5,5.5,46.7,0.4,1.5,25,1.5,1.9,76.2,0.8,1.1,1.9,1.1,1.1,0.5,0.1,1,11.4,0,0,-2.3
Haywood Highsmith,MIA,27,17,8,9,25,6.8,2.6,5.4,48.4,1.1,2.9,38.8,0.5,0.8,69.2,0.8,2.2,3,1.1,0.5,1.2,0.9,2.1,17.9,0,0,-1.3
Brandon Clarke,MEM,28,20,14,6,17.8,6.8,3.1,5.3,58.1,0.1,0.8,6.3,0.6,1,63.2,1.5,3.2,4.7,0.8,0.4,0.8,0.4,2,16.6,0,0,5.8
Herbert Jones,NOP,26,4,2,2,28.3,6.8,3,6.3,48,0.5,2.8,18.2,0.3,0.5,50,1,1.5,2.5,1,1.3,1.8,0.3,2.3,16,0,0,-4
Elfrid Payton,NOP,30,7,0,7,20.5,6.7,3.3,6.6,50,0,0.1,0,0.1,0.3,50,0.7,2.7,3.4,6.9,2.9,1.4,0.4,1.4,23.8,1,0,-1.6
Javonte Green,NOP,31,22,4,18,24.3,6.7,2.3,5.4,42.4,0.8,2.4,32.1,1.4,1.8,76.9,1,2.5,3.5,0.9,0.5,1.1,0.7,1.3,17.3,0,0,-7.8
Kris Dunn,LAC,30,22,13,9,22.7,6.7,2.7,6,45.8,1,3,33.8,0.2,0.5,50,0.8,3.1,3.9,2.7,1.1,1.5,0.3,2.7,19.8,0,0,4.5
Jae Crowder,SAC,34,3,1,2,19.8,6.7,2,4.3,46.2,1,3.3,30,1.7,2,83.3,1,2.7,3.7,0.3,0.7,0.7,0,2.3,12.9,0,0,1.7
Kevin Love,MIA,36,9,5,4,12.3,6.6,2.2,6.3,35.1,1.4,3.7,39.4,0.7,1,66.7,1.2,4.3,5.6,1,0.7,1.3,0.1,0.9,18.4,0,0,1.9
Cason Wallace,OKC,21,20,15,5,26.3,6.6,2.8,6.6,41.7,0.9,3,28.3,0.2,0.3,80,1.3,2.3,3.6,2.1,0.4,1.6,0.7,2.1,20.3,0,0,4.7
Jaden Hardy,DAL,22,20,13,7,15.6,6.6,2.4,6.4,37,0.8,2.8,28.6,1.1,1.2,87.5,0.2,1.3,1.5,1.4,1.5,0.7,0.1,1.5,11.1,0,0,-0.3
Simone Fontecchio,DET,28,20,8,12,18.7,6.6,2.1,5.4,39.3,1.3,3.7,34.2,1.1,1.4,78.6,0.5,2.7,3.2,0.9,0.8,0.3,0.2,1.5,12.3,0,0,-0.7
Sam Merrill,CLE,28,17,14,3,19.6,6.5,2.2,5.6,38.5,1.8,5,35.3,0.4,0.5,87.5,0.2,1.4,1.6,1.5,0.5,0.5,0.2,1.8,12.4,0,0,3.9
Jaxson Hayes,LAL,24,11,6,5,17.4,6.4,2.4,3.3,72.2,0,0,0,1.6,2.1,78.3,1.9,2.6,4.5,0.8,0.7,0.4,0.8,2.5,15.9,0,0,-1
Marcus Sasser,DET,24,14,5,9,13.3,6.4,2.6,4.7,54.5,0.8,1.9,42.3,0.4,0.4,100,0.4,0.7,1.1,1.6,0.7,0.7,0.1,0.8,11.9,0,0,-1.2
Zach Collins,SAS,27,20,11,9,14.5,6.4,2.2,4.4,50,0.6,1.6,35.5,1.4,1.6,90.3,1.1,2.4,3.5,1.8,1,0.5,0.5,2.3,15.1,0,0,-3.2
Isaiah Stewart,DET,23,22,9,13,21.8,6.3,2.5,4.5,55.1,0.2,0.9,21.1,1.2,1.4,87.1,2.5,3.9,6.4,1.9,1.1,0.5,1.5,2.9,21.5,2,0,0
Terance Mann,LAC,28,22,13,9,21.4,6.3,2.5,5.6,43.5,0.7,2,33.3,0.7,1.1,66.7,1.1,2.1,3.2,1.8,0.5,1,0.2,2.1,15.9,0,0,-1.9
Neemias Queta,BOS,25,18,15,3,18.2,6.3,2.7,4.2,64,0,0.1,0,0.9,1.2,77.3,1.9,3.3,5.3,0.8,0.7,0.2,1,2.1,16.8,0,0,4.9
Jonathan Isaac,ORL,27,19,13,6,17.2,6.2,2.2,5.3,41.6,0.8,2.8,28.3,1,1.5,67.9,1.7,3.3,4.9,0.3,0.5,0.8,1.4,1.5,18.9,0,0,-0.2
Ryan Dunn,PHX,21,18,10,8,18.2,6.2,2.4,5.9,41.1,1.2,3.9,31.4,0.1,0.3,16.7,0.7,1.9,2.6,0.8,0.6,0.5,0.6,2.6,13.2,0,0,-2.2
Kyle Lowry,PHI,38,13,2,11,24.2,6.2,1.8,4.8,38.1,1.3,3.7,35.4,1.2,1.5,78.9,0.5,1.8,2.2,3.4,0.8,1.2,0.4,1.8,17.9,0,0,-7.7
Jamison Battle,TOR,23,20,6,14,14,6.2,2.2,4.6,46.7,1.4,3.4,41.2,0.5,0.6,81.8,0.6,1.5,2.1,0.9,0.3,0.2,0.2,1.2,10.7,0,0,-1.6
Pelle Larsson,MIA,23,14,6,8,16.1,6.1,2.3,4.1,55.2,0.7,1.9,38.5,0.8,1.4,55,0.6,1.2,1.9,1.1,0.5,0.6,0,2.1,11.2,0,0,0.8
Dariq Whitehead,BKN,20,3,1,2,8.7,6,2,3.7,54.5,2,3.3,60,0,0,0,0,1,1,0.3,1,0.7,0.3,0.3,9.7,0,0,-2.3
Isaac Okoro,CLE,23,19,17,2,20.9,6,2.2,4.4,48.8,1.2,2.5,46.8,0.5,0.8,62.5,0.9,1.4,2.3,1.7,0.3,0.7,0.4,2,14.5,0,0,2.7
Ja'Kobe Walter,TOR,20,7,3,4,17,6,2.4,6.9,35.4,0.7,3.1,22.7,0.4,0.9,50,1,3,4,1.4,0.6,0.4,0.3,2,14.5,1,0,3.7
James Wiseman,IND,23,1,1,0,4.6,6,2,4,50,0,1,0,2,2,100,0,1,1,0,0,0,0,0,7.2,0,0,-4
Lindy Waters III,GSW,27,17,10,7,17.1,5.9,2.2,5.3,41.1,1.3,3.6,35.5,0.2,0.3,80,0.5,1.9,2.4,1.3,0.2,0.5,0.3,1.6,13,0,0,2.2
Cam Whitmore,HOU,20,8,5,3,9.9,5.9,2.3,6,37.5,0.1,2.6,4.8,1.3,2,62.5,0.5,0.9,1.4,0.5,0.4,0.1,0.1,1.1,8.7,0,0,-1.6
Kobe Bufkin,ATL,21,8,5,3,13.4,5.9,1.9,4.9,38.5,0.5,2.3,22.2,1.6,2.3,72.2,0.5,1.8,2.3,1.9,0.9,0.4,0.3,0.9,12.4,0,0,-2.6
Donovan Clingan,POR,20,17,7,10,17,5.8,2.4,4.5,52.6,0.2,0.5,33.3,0.9,1.3,72.7,3.2,3.5,6.7,0.3,1,0.5,2.2,2.9,21.4,1,0,-2.7
Ben Sheppard,IND,23,13,6,7,20.9,5.8,2.2,5.1,42.4,1.5,3.6,40.4,0,0,0,0.4,1.8,2.2,1.3,0.4,0.4,0.3,2.5,12.1,0,0,-2.2
David Roddy,ATL,23,13,5,8,15.4,5.8,2.1,3.6,57.4,0.8,1.8,43.5,0.8,1,84.6,0.3,2.7,3,1.5,1,0.5,0.2,0.8,12.4,0,0,-4.1
Keon Johnson,BKN,22,20,9,11,16.4,5.8,2.2,6,36.1,1.2,3.8,30.7,0.3,0.5,66.7,0.6,2.3,2.9,1.1,0.9,0.5,0.3,2.1,12.2,0,0,-4
Mo Bamba,LAC,26,8,7,1,14.2,5.8,2.3,5,45,0.5,2.3,22.2,0.8,1.1,66.7,0.8,3.6,4.4,0.9,0.8,0.6,1.1,2.3,16.8,0,0,-2
Ronald Holland II,DET,19,22,9,13,15.9,5.7,2.2,5.3,41.9,0.3,2.1,15.2,1,1.2,80.8,0.6,2.5,3.2,0.5,0.9,0.5,0.1,1.6,11.2,0,0,-1.5
Jarace Walker,IND,21,21,9,12,17.7,5.6,1.9,4.4,43,1,2.4,39.2,0.9,1.4,62.1,0.5,3,3.6,1.5,1.4,1.4,0.4,1.6,16,0,0,-3.6
Vasilije Micić,CHA,30,9,1,8,17.8,5.6,2.1,6.8,31.1,0.9,3,29.6,0.4,0.7,66.7,0.9,2.1,3,2.2,1.3,0.4,0,1.1,12.5,0,0,-3.3
Kevon Looney,GSW,28,17,11,6,14.9,5.5,2.3,4.4,52.7,0,0,0,0.9,1.9,48.5,3.6,4,7.6,1.4,0.7,0.8,0.2,2.5,19.3,1,0,2.4
Ausar Thompson,DET,21,4,2,2,15.5,5.5,2,5.8,34.8,0.8,2.3,33.3,0.8,1.8,42.9,1,1.5,2.5,3.3,1.5,0.5,0.5,2.3,14.9,0,0,-2
Johnny Juzang,UTA,23,16,4,12,15.8,5.5,1.8,5.1,35.8,1.2,3.6,32.8,0.7,0.8,84.6,0.6,1.8,2.4,1.2,0.4,0.4,0.3,1.9,11.6,0,0,-1.9
Dean Wade,CLE,28,13,13,0,22,5.5,1.8,4.7,39.3,1.4,3.9,35.3,0.4,0.9,41.7,0.6,3.5,4.2,1.5,0.3,1,0.4,1.7,16.6,0,0,6.2
Shake Milton,BKN,28,18,7,11,15.7,5.4,2,4.3,46.2,0.9,2.1,43.2,0.6,0.8,71.4,0.5,0.9,1.4,2.1,0.6,0.3,0.1,0.9,10.8,0,0,-3.4
Trey Lyles,SAC,29,18,8,10,19.6,5.4,1.8,5.1,36.3,1.2,3.7,33.3,0.6,0.8,71.4,0.8,3.1,3.9,0.9,0.6,0.6,0.6,1.4,14.5,1,0,0.2
Ben Simmons,BKN,28,16,7,9,24.2,5.4,2.6,4.4,59.2,0,0,0,0.2,0.4,50,1.1,4.7,5.8,6.6,2.6,0.8,0.5,2.8,23.5,0,0,-2.1
Max Christie,LAL,21,20,11,9,17.9,5.4,1.7,4.2,41,0.5,2,25,1.5,1.8,85.7,0.5,1.4,1.9,1,0.7,0.7,0.4,1.2,11.6,0,0,-2.9
Antonio Reeves,NOP,22,12,1,11,10.8,5.3,2.1,5.1,41,0.7,2.5,26.7,0.5,0.6,85.7,0.3,1,1.3,0.4,0.3,0.3,0,0.5,8.2,0,0,-3.9
KJ Martin,PHI,23,15,3,12,17.2,5.3,1.9,3.1,63,0.2,0.5,42.9,1.3,1.5,82.6,0.7,1.9,2.6,0.9,0.3,0.3,0.9,2.4,13,0,0,-0.2
Vince Williams Jr.,MEM,24,3,1,2,14.9,5.3,2.3,6.3,36.8,0.3,2.7,12.5,0.3,1.3,25,1.3,2.3,3.7,3,2.3,0,0.7,3,13.9,0,0,4.7
Pat Connaughton,MIL,31,14,5,9,17.9,5.3,1.9,5,37.1,0.9,3.1,29.5,0.6,0.9,75,0.6,2.6,3.2,1.8,0.7,0.2,0.3,1.3,12.6,0,0,0
Ajay Mitchell,OKC,22,20,15,5,15.9,5.3,2.1,4.6,45.7,0.6,1.4,40.7,0.5,0.7,76.9,0.4,1.1,1.5,1.6,0.8,0.9,0.1,1.6,11.3,0,0,3.2
Alec Burks,MIA,33,12,7,5,15.1,5.3,1.8,3.8,45.7,1.3,2.7,46.9,0.5,0.7,75,0.3,1.6,1.9,1.3,0.2,0.5,0.3,0.4,11.6,0,0,4.9
KJ Simpson,CHA,22,4,0,4,11.4,5.3,2,5,40,0.8,3.3,23.1,0.5,0.5,100,1,0.5,1.5,1,1.3,0.8,0.3,1.3,10.3,0,0,-3.3
Monté Morris,PHX,29,14,8,6,11.3,5.2,1.8,3.9,46.3,0.8,1.9,42.3,0.9,1,85.7,0.2,1.1,1.3,1.4,0.4,0.4,0.2,0.4,10.4,0,0,0.5
Wendell Moore Jr.,DET,23,10,3,7,15.8,5.2,1.9,3.4,55.9,0.3,0.9,33.3,1.1,1.2,91.7,0.9,2.6,3.5,1.2,0.8,0.6,0.3,1.2,13.1,0,0,-1.4
Torrey Craig,CHI,33,6,1,5,11.1,5.2,1.8,3.7,50,1.2,3,38.9,0.3,0.3,100,0.5,1.7,2.2,0.5,0,0.2,0.2,1.7,9.5,0,0,-5
Kyle Anderson,GSW,31,18,11,7,15,5.1,2,5.1,39.6,0.5,1.8,27.3,0.6,1,61.1,0.6,2.5,3.1,2.4,0.6,0.9,0.5,1.1,16.3,0,0,-0.3
Jonathan Mogbo,TOR,23,21,6,15,15.6,5.1,1.9,3.8,48.8,0.2,0.6,30.8,1.2,1.6,73.5,2.3,2,4.3,1.7,0.9,0.8,0.4,2,15.3,0,0,-1
Jamal Cain,NOP,25,13,2,11,14.7,5.1,1.8,3.8,48,0.7,1.9,36,0.7,1.1,64.3,0.8,1.9,2.8,0.7,0.5,0.5,0.5,1.4,11.9,0,0,-6.1
Alex Caruso,OKC,30,13,10,3,19.7,5,2,5.6,35.6,0.6,3,20.5,0.4,0.5,71.4,0.7,2.2,2.9,2.2,0.7,1.8,0.7,2.6,18.7,0,0,3.4
Alondes Williams,DET,25,1,0,1,3.7,5,2,2,100,1,1,100,0,0,0,0,0,0,1,0,0,0,0,6.5,0,0,6
Kenrich Williams,OKC,30,10,7,3,13,5,1.9,3.9,48.7,0.6,2.2,27.3,0.6,0.6,100,0.3,2.3,2.6,0.9,0.2,0.5,0.4,1.8,12,0,0,1
Micah Potter,UTA,26,3,0,3,20,5,1.7,4,41.7,1.7,3.3,50,0,0,0,3,4,7,1,1.3,0.3,0.3,1.3,15.6,0,0,8.7
Matas Buzelis,CHI,20,21,9,12,11.6,5,1.7,4.2,40.4,0.8,2.2,36.2,0.7,0.9,78.9,0.4,1.9,2.3,0.2,0.7,0.4,0.7,1.4,10.5,0,0,-0.6
Sandro Mamukelashvili,SAS,25,15,7,8,9.1,4.9,1.7,3.1,56.5,0.9,2.1,45.2,0.5,0.5,100,0.5,2.3,2.9,0.3,0.6,0.2,0.3,0.6,9.8,0,0,1.7
Bones Hyland,LAC,24,7,3,4,6.6,4.9,1.4,4.1,34.5,1,2.6,38.9,1,1.1,87.5,0.3,0.4,0.7,0.3,0.7,0.7,0.3,1,8.4,0,0,-3.6
Eric Gordon,PHI,35,16,4,12,16.5,4.8,1.6,4.8,32.5,0.6,2.6,23.8,1.1,1.4,77.3,0.2,0.8,0.9,1.3,0.8,0.6,0.3,0.8,9.9,0,0,-1
Paul Reed,DET,25,10,2,8,10.3,4.8,1.8,3.2,56.3,0.3,0.8,37.5,0.9,1.1,81.8,0.7,1.5,2.2,0.5,0.8,0.7,0.5,1.9,11,0,0,-1.2
Tidjane Salaün,CHA,19,18,5,13,19.4,4.8,1.6,5,31.1,1,3.4,29,0.7,0.9,70.6,0.8,3.1,3.9,1.1,0.8,0.5,0.2,1.4,12.2,0,0,-4.3
Jamal Shead,TOR,22,21,6,15,14.4,4.7,1.9,4.9,38.2,0.5,1.8,28.9,0.4,0.6,75,0.1,0.8,0.9,3,1.3,0.5,0.1,1.9,10.6,0,0,-4.2
Keaton Wallace,ATL,25,12,4,8,16.2,4.7,1.8,4.6,40,0.7,2.2,30.8,0.3,0.3,100,0.2,1.3,1.5,1.8,1,0.8,0.5,1.1,12.2,0,0,-1.9
Taylor Hendricks,UTA,21,3,0,3,24.8,4.7,1.3,6,22.2,1,4,25,1,1.3,75,1.7,3.3,5,0.7,0.7,1.7,1.3,2.7,20,0,0,-7.3
Mason Plumlee,PHX,34,18,11,7,16.8,4.6,1.8,3.2,56.1,0,0,0,1,1.8,56.3,1.5,4.1,5.6,1.7,0.9,0.3,0.4,1.9,15,1,0,0.9
Cole Anthony,ORL,24,20,15,5,9.7,4.6,1.5,4,37.5,0.6,1.8,30.6,1,1.5,69,0.4,1.7,2.1,1.6,1.1,0.5,0.1,1.3,9.9,0,0,0.8
Lonzo Ball,CHI,27,6,2,4,16.2,4.5,1.7,4.3,38.5,1.2,3.7,31.8,0,0,0,0.2,2.3,2.5,3.5,0.8,1.2,0.5,0.8,16.9,0,0,3.7
Oso Ighodaro,PHX,22,14,6,8,16.3,4.5,1.9,3.1,62.8,0,0,0,0.6,0.8,81.8,1.1,3,4.1,0.8,0.7,0.4,0.4,1.9,12.3,0,0,1.6
Reggie Jackson,PHI,34,9,1,8,12.5,4.4,1.7,4.1,40.5,1.1,2.7,41.7,0,0,0,0.1,0.8,0.9,2.1,0.7,0.7,0.3,0.9,11,0,0,-1.6
Julian Phillips,CHI,21,21,9,12,14.3,4.4,1.6,3.9,40.7,0.7,2.3,28.6,0.6,1,61.9,0.8,1.4,2.2,0.5,0.4,0.7,0.2,1.4,10.1,0,0,-0.6
Kris Murray,POR,24,18,7,11,13.2,4.4,1.7,3.8,44.9,0.6,1.8,31.3,0.4,1.1,36.8,1.1,1.3,2.4,0.7,0.7,0.5,0.2,1.1,9.7,0,0,-2.9
Blake Wesley,SAS,21,17,9,8,11.7,4.4,1.7,3.9,43.9,0.2,1.2,20,0.7,1,70.6,0.3,0.6,0.9,1.6,1.1,0.5,0.1,0.6,8.3,0,0,0.6
Svi Mykhailiuk,UTA,27,3,0,3,12.3,4.3,1.3,4.3,30.8,1,3.7,27.3,0.7,0.7,100,0,0.3,0.3,1,1.3,0.7,0,0.7,6.9,0,0,-3.3
Gary Payton II,GSW,32,19,12,7,12.1,4.3,1.9,3.4,56.9,0.2,0.9,17.6,0.3,0.4,62.5,0.9,1.3,2.2,1.1,0.5,0.7,0.3,1.2,11.2,0,0,1.1
Seth Curry,CHA,34,19,6,13,12.9,4.3,1.6,3.7,44.3,0.8,1.9,41.7,0.3,0.4,71.4,0.5,0.9,1.4,0.4,0.3,0.5,0.1,1.1,8,0,0,-1.3
Jared Butler,WAS,24,13,1,12,7.8,4.3,1.5,3.3,46.5,0.1,0.5,16.7,1.2,1.6,71.4,0.2,0.5,0.6,2.2,0.5,0.5,0.2,1,9.7,0,0,1
Ricky Council IV,PHI,23,15,2,13,11.4,4.3,1.5,3.5,41.5,0.4,1.6,25,0.9,1,93.3,0.3,1.3,1.7,0.7,0.3,0.2,0.1,0.7,8.1,1,0,-0.4
Luke Kornet,BOS,29,16,12,4,17.3,4.3,1.6,2.6,63.4,0,0,0,1,1.1,88.9,1.8,2.3,4.1,1.6,0.4,0.5,1.2,1.4,16.3,0,0,4.2
Drew Eubanks,UTA,27,17,3,14,13.6,4.2,1.8,3.2,55.6,0.1,0.2,33.3,0.6,1.1,52.6,1.2,2.6,3.9,1.1,0.9,0.2,0.5,1.3,11.9,0,0,-1.1
Moses Brown,IND,25,7,3,4,6,4.1,1.9,2.9,65,0,0,0,0.4,0.7,60,0.6,1.3,1.9,0,0.7,0.3,0.1,0.9,6.9,0,0,-0.6
Dalen Terry,CHI,22,22,9,13,13.2,4.1,1.4,3,47.7,0.4,1,36.4,1,1.2,77.8,0.7,0.7,1.4,1,0.9,0.6,0.3,1.4,9.2,0,0,-3.3
Tre Jones,SAS,24,8,5,3,17.5,4.1,1.3,3.8,33.3,0.4,1.5,25,1.3,1.8,71.4,0.6,1.8,2.4,3.3,0.6,0.6,0.3,1.5,13.9,0,0,1.3
Gary Harris,ORL,30,17,11,6,16.6,4.1,1.4,3.5,40,1,2.7,37,0.2,0.4,66.7,0.5,0.8,1.4,0.4,0.4,0.5,0.3,0.8,8.4,0,0,3.5
Nicolas Batum,LAC,35,22,13,9,18,4,1.4,3.5,39,1,2.7,38.3,0.3,0.4,75,0.8,1.9,2.7,1.5,0.4,0.4,0.5,1.2,11.7,0,0,3.4
Day'Ron Sharpe,BKN,23,1,0,1,16.1,4,0,2,0,0,0,0,4,4,100,1,1,2,2,1,1,1,1,14.4,0,0,-12
Josh Richardson,MIA,31,8,4,4,18.7,4,1.4,4.8,28.9,0.8,2.8,27.3,0.5,0.5,100,0.8,0.8,1.5,1.5,1,1,0.1,2.1,10.4,0,0,-3.9
Jett Howard,ORL,21,21,14,7,10.2,4,1.4,3.6,39.5,1,2.9,35,0.1,0.1,100,0.4,0.8,1.2,0.4,0.3,0.1,0.3,0.9,6.8,0,0,-0.7
Jock Landale,HOU,29,14,9,5,11.1,3.9,1.5,3.4,44.7,0.2,0.4,50,0.7,1.4,52.6,1.4,1.9,3.3,1,0.5,0.2,0.4,1,10.8,0,0,-0.1
Isaac Jones,SAC,24,11,6,5,8.6,3.9,1.7,2.6,65.5,0,0.2,0,0.5,0.8,55.6,0.6,1,1.6,0.2,0.5,0.1,0.3,1.4,6.7,0,0,-2.3
Thomas Bryant,MIA,27,8,3,5,12.4,3.9,1.3,2.8,45.5,0.5,1.5,33.3,0.9,0.9,100,0.8,2.6,3.4,0.5,0.3,0.1,0.6,1,10.7,0,0,1.5
Aaron Holiday,HOU,28,11,8,3,8.7,3.8,1.3,2.8,45.2,0.8,2.1,39.1,0.5,0.6,71.4,0,0.8,0.8,1.3,0.3,0.1,0.1,0.5,7,0,0,3.4
Rob Dillingham,MIN,19,11,5,6,8.4,3.8,1.6,3.3,50,0.5,1.1,50,0,0,0,0.1,0.7,0.8,1.5,1.1,0,0,0.4,5.9,0,0,-1.2
Cam Reddish,LAL,25,14,6,8,19.8,3.8,1.3,2.4,52.9,0.6,1.3,50,0.6,0.9,66.7,0.4,2,2.4,0.5,0.4,1.1,0.3,1.8,11.1,0,0,-2.5
Damion Lee,PHX,32,4,1,3,9.4,3.8,1,3.5,28.6,0.3,2.3,11.1,1.5,1.5,100,0,1.3,1.3,1.3,0.8,0.5,0,0.3,7.9,0,0,2
Bruno Fernando,TOR,26,14,2,12,8.7,3.7,1.6,3.2,51.1,0,0,0,0.4,0.6,75,1.5,1.6,3.1,1.2,0.8,0.1,0.5,1.7,10.4,0,0,-1.4
Reed Sheppard,HOU,20,21,15,6,11.8,3.7,1.4,4,35.7,0.8,2.2,34.8,0.1,0.1,100,0.3,0.7,1,1.4,0.7,0.6,0.3,1,8.9,0,0,-0.5
Dru Smith,MIA,26,6,3,3,12.2,3.7,1.5,3.2,47.4,0.7,1.2,57.1,0,0,0,0.8,2,2.8,1.2,0.7,0.8,0.7,0.8,12.7,0,0,3.8
Rayan Rupert,POR,20,18,7,11,10.6,3.7,1.4,3.2,43.9,0.5,1.4,34.6,0.4,0.6,70,0.8,0.8,1.6,0.2,0.6,0.4,0.1,0.8,6.8,0,0,-2.3
Patty Mills,UTA,36,9,2,7,15.3,3.6,1.2,3.4,35.5,0.8,2.7,29.2,0.3,0.3,100,0.1,0.8,0.9,1.4,0.9,0.7,0.2,0.9,8.6,0,0,1.3
Daniel Theis,NOP,32,17,3,14,14.3,3.5,1.4,3.3,42.9,0.2,1.1,22.2,0.5,0.6,80,0.7,2.7,3.4,1.2,0.6,0.3,0.6,1.5,11.7,0,0,-4.1
Marvin Bagley III,WAS,25,12,2,10,5.6,3.5,1.4,2.8,50,0,0.4,0,0.7,0.9,72.7,1,1.3,2.3,0.3,0.6,0.2,0.1,0.1,6.7,0,0,1.1
Ousmane Dieng,OKC,21,16,12,4,11.6,3.5,1.3,3.7,33.9,0.6,2.3,25,0.4,0.7,63.6,0.6,2.1,2.6,0.8,0.3,0.7,0.3,1.1,10.4,0,0,1.7
Dario Šarić,DEN,30,10,4,6,13.6,3.4,1.2,4,30,0.5,1.9,26.3,0.5,0.6,83.3,0.9,2.6,3.5,1.1,1.1,0.6,0,1.4,10,1,0,-4.3
Andre Jackson Jr.,MIL,23,18,10,8,18.6,3.3,1.3,3.3,38.3,0.6,1.6,34.5,0.2,0.4,50,0.8,2.7,3.5,1.4,1.5,0.7,0.3,2.5,11.4,0,0,3.6
Tyler Kolek,NYK,23,13,8,5,7.8,3.3,1.2,2.5,45.5,0.7,1.5,47.4,0.3,0.3,100,0.2,0.8,0.9,0.8,0.5,0.4,0.1,0.6,6.5,0,0,-1
Moussa Diabaté,CHA,22,20,6,14,20.7,3.3,1.5,2.8,54.5,0,0,0,0.3,0.8,33.3,3.9,4.5,8.4,0.8,1,0.8,1,1.8,18.7,2,0,1.9
Gabe Vincent,LAL,28,21,12,9,17.7,3.2,1.3,3.7,35.1,0.6,2.4,24,0.1,0.3,33.3,0.2,0.8,1,0.6,0.4,0.6,0,1.7,7,0,0,-1.1
Ryan Rollins,MIL,22,9,3,6,7.6,3.2,1.1,2.6,43.5,0.7,1.2,54.5,0.3,0.4,75,0.3,0.9,1.2,1,0.8,0.8,0.4,0.9,9.1,0,0,4.4
Isaiah Collier,UTA,20,13,3,10,17.3,3.2,1.2,3.9,31.4,0.2,1.6,14.3,0.5,1.1,42.9,0.1,1.5,1.6,3.2,2.2,0.9,0.2,1.8,10.8,0,0,-3
Cody Williams,UTA,20,16,4,12,18.7,3.1,1.1,4.2,26.9,0.4,2.3,18.9,0.4,0.6,60,0.5,1.8,2.3,1.2,0.7,0.4,0.3,1.3,9.2,0,0,-8.3
Bol Bol,PHX,25,5,0,5,4.2,3,1,1.8,55.6,0.2,0.8,25,0.8,1.2,66.7,0.4,0.6,1,0.2,0.2,0,0,0.2,4.3,0,0,1.2
Collin Gillespie,PHX,25,1,1,0,3.4,3,1,2,50,1,1,100,0,0,0,0,0,0,0,0,0,0,0,3,0,0,0
David Duke Jr.,SAS,25,1,0,1,8.2,3,1,4,25,0,1,0,1,2,50,0,0,0,2,0,0,0,1,6,0,0,0
Drew Peterson,BOS,25,5,4,1,11.7,3,0.8,2.4,33.3,0.8,2.2,36.4,0.6,0.8,75,0.6,1.8,2.4,0.4,0.4,0.4,0.4,1,8.5,0,0,-2.8
Oscar Tshiebwe,UTA,25,1,0,1,15.7,3,0,0,0,0,0,0,3,4,75,3,6,9,0,1,2,0,3,18.8,0,0,-6
Richaun Holmes,WAS,31,2,0,2,3.9,3,1.5,3,50,0,0.5,0,0,0,0,0.5,0.5,1,0,0,0,0,0.5,4.2,0,0,0
Tazé Moore,POR,26,2,0,2,9.9,3,1,5,20,0.5,2,25,0.5,1,50,2,2,4,0.5,1,1,0,0,10.6,0,0,-3.5
Charles Bassey,SAS,24,12,8,4,8.5,2.9,1.3,2.3,53.6,0,0,0,0.4,0.7,62.5,1.1,1.9,3,0.4,0.5,0.4,1,1,10.9,0,0,1.3
Vít Krejčí,ATL,24,9,4,5,10.9,2.9,1,2.4,40.9,0.4,1.2,36.4,0.4,0.8,57.1,0.3,0.8,1.1,1.1,0.6,0.4,0.2,1.7,7.3,0,0,-1.2
Jabari Walker,POR,22,16,5,11,10,2.9,1.1,2.9,38.3,0.1,0.9,14.3,0.5,0.6,88.9,1,1.9,2.9,0.6,0.5,0.3,0.1,1.2,7.8,0,0,-1.5
Kobe Brown,LAC,24,7,3,4,6.7,2.9,1.3,2.9,45,0.1,0.9,16.7,0.1,0.3,50,0.7,1.6,2.3,0.6,0,0.1,0,0.7,6.9,0,0,-1.3
Tristan Thompson,CLE,33,7,7,0,7.4,2.9,1.4,2.1,66.7,0,0,0,0,0.9,0,0.3,1.7,2,0.4,0.4,0,0.3,0.9,6.3,0,0,-2.7
Taj Gibson,CHA,39,11,3,8,11.4,2.8,1.3,2.6,48.3,0.1,0.2,50,0.2,0.3,66.7,1.7,1.9,3.6,0.4,0.8,0.4,0.3,1.5,8.8,0,0,-4.2
Doug McDermott,SAC,32,16,7,9,8.8,2.8,0.9,2.9,31.9,0.8,2.4,30.8,0.2,0.3,60,0,0.8,0.8,0.2,0.1,0.1,0.1,0.9,4.6,0,0,1.5
Craig Porter Jr.,CLE,24,15,12,3,9.7,2.8,1.1,2,56.7,0.3,0.7,45.5,0.2,0.3,60,0.1,0.9,0.9,1.3,0.6,0.3,0.4,0.5,7.5,0,0,1
Luka Garza,MIN,25,5,4,1,4.6,2.8,1.2,2.6,46.2,0,0.8,0,0.4,0.6,66.7,0.2,0.8,1,0,0.4,0,0,0.4,3.6,0,0,1
Johnny Furphy,IND,19,12,3,9,8.8,2.7,0.9,2.5,36.7,0.4,1.3,33.3,0.4,0.4,100,0.6,0.5,1.1,0.4,0.6,0.3,0.3,0.5,5.8,0,0,0.3
TyTy Washington Jr.,PHX,23,3,0,3,8.9,2.7,1,2,50,0.7,1,66.7,0,0,0,0,0.3,0.3,1.3,0.3,0.7,0,0,6.7,0,0,-0.3
Chris Duarte,CHI,27,11,2,9,4.1,2.6,0.8,1.5,52.9,0.5,1,45.5,0.5,0.7,75,0.4,0.9,1.3,0.4,0.1,0,0,0.3,4.6,0,0,1.4
DeAndre Jordan,DEN,36,8,5,3,9.8,2.6,1.3,2.3,55.6,0,0,0,0.1,0.5,25,1.3,2,3.3,0.5,0.9,0.3,0.3,1.4,7.9,0,0,-2.1
Delon Wright,MIL,32,16,9,7,16.2,2.6,0.9,2.9,31.9,0.4,1.8,24.1,0.3,0.6,50,0.6,1.1,1.7,1.8,0.4,0.7,0.4,0.6,10.1,0,0,-2.4
Johnny Davis,WAS,22,13,1,12,7.1,2.6,1.1,2.2,48.3,0.2,0.5,50,0.2,0.4,60,0.3,0.9,1.2,0.2,0.1,0.3,0.1,0.8,5.5,0,0,1.5
Trey Jemison III,NOP,25,13,1,12,11.2,2.6,1.1,2.2,50,0,0,0,0.5,1,46.2,1.2,1.6,2.8,0.6,0.8,0.5,0.5,1.8,9,0,0,-1.1
Nick Smith Jr.,CHA,20,9,1,8,7.6,2.6,1,2.8,36,0.6,1.6,35.7,0,0,0,0,0.4,0.4,0.6,0.1,0.2,0,0.2,4.5,0,0,-3.9
Jaylon Tyson,CLE,22,11,9,2,8.7,2.5,1,2.1,47.8,0.3,0.8,33.3,0.3,0.5,50,0.8,1.2,2,0.9,0.5,0.4,0,1.5,6.9,1,0,0
E.J. Liddell,CHI,23,6,2,4,5.1,2.5,0.8,1.3,62.5,0.5,1,50,0.3,0.3,100,0.2,0.7,0.8,0.5,0.3,0.2,0.2,1.3,4.9,0,0,1.3
Jordan McLaughlin,SAC,28,16,8,8,8.9,2.5,0.8,2,37.5,0.4,1.2,31.6,0.6,0.8,83.3,0.2,0.9,1.1,1,0.4,0.4,0,0.6,6.2,0,0,0
Jeff Green,HOU,38,7,4,3,5.7,2.4,1,1.9,53.8,0.4,1.1,37.5,0,0,0,0,0.6,0.6,0.1,0.3,0.3,0,0.3,3.9,0,0,0.4
Hunter Tyson,DEN,24,12,6,6,9.2,2.4,0.8,1.9,43.5,0.3,1.1,23.1,0.5,0.6,85.7,0.3,1.3,1.7,0.5,0.4,0.2,0.3,1.2,6,0,0,-2.8
Kel'el Ware,MIA,20,10,5,5,6.9,2.4,1,2.5,40,0.2,0.7,28.6,0.2,0.2,100,0.2,1.4,1.6,0.1,0.4,0.3,0.5,0.6,6.5,0,0,-0.8
Nate Williams,HOU,25,3,3,0,3.3,2.3,1,1.3,75,0.3,0.7,50,0,0,0,0,1,1,0,0,0.3,0,0,4.5,0,0,1
Orlando Robinson,SAC,24,3,1,2,7.2,2.3,0.7,0.7,100,0.3,0.3,100,0.7,1.3,50,0.7,1.3,2,0.3,1,0.3,0,1.3,5.2,0,0,-2.7
Kai Jones,LAC,23,13,7,6,8.1,2.3,1,1.4,72.2,0,0,0,0.3,0.5,66.7,0.8,1.2,1.9,0.3,0.4,0.1,0.6,0.8,6.8,0,0,-2.2
Steven Adams,HOU,31,10,8,2,10.6,2.3,0.8,1.5,53.3,0,0,0,0.7,1.6,43.8,1.2,1.4,2.6,1.1,1.5,0.3,0.1,1.3,6.8,0,0,-1.2
John Konchar,MEM,28,11,7,4,12,2.3,0.7,1.6,44.4,0.5,1.5,37.5,0.3,0.4,75,0.7,1.9,2.6,0.8,0.5,0.5,0.5,0.8,8.9,0,0,-0.2
Patrick Baldwin Jr.,WAS,22,11,1,10,5.1,2.3,0.8,1.7,47.4,0.5,1,45.5,0.2,0.4,50,0.3,0.8,1.1,0.1,0.2,0.2,0.2,0.4,4.6,0,0,2.5
Jae'Sean Tate,HOU,29,8,7,1,4.8,2.3,0.9,1.5,58.3,0,0.1,0,0.5,0.9,57.1,0.4,1.9,2.3,0.5,0.8,0.4,0,0.9,6.1,0,0,0
Lester Quinones,PHI,24,4,1,3,4.2,2.3,1,2,50,0,0.8,0,0.3,0.3,100,0.8,0.3,1,0.3,1,0,0,0,2.8,0,0,-1
Vlatko Čančar,DEN,27,4,1,3,8.6,2.3,1,1.8,57.1,0.3,0.5,50,0,0,0,0.8,1.3,2,0,0.5,0,0.3,1,4.9,0,0,-0.5
Tyler Smith,MIL,20,9,4,5,3.2,2.2,0.9,1.3,66.7,0.3,0.8,42.9,0.1,0.2,50,0.1,0.6,0.7,0,0.2,0,0.2,0.4,3.5,0,0,1.6
Dillon Jones,OKC,23,19,15,4,8.4,2.2,0.8,2.6,32.7,0.3,1.5,17.2,0.3,0.4,62.5,0.7,1.3,2,0.7,0.4,0.2,0.1,0.9,5.9,0,0,-0.4
Anthony Gill,WAS,32,14,1,13,5.1,2.1,0.7,1.2,58.8,0.2,0.4,50,0.5,0.9,53.8,0.2,0.6,0.9,0.4,0.1,0.2,0.1,0.1,4.5,0,0,1
Adama Sanogo,CHI,22,3,1,2,4.6,2,1,1.7,60,0,0,0,0,0,0,0.7,0,0.7,0.3,0.3,0,0,0.3,3,0,0,-2.3
Alex Reese,OKC,25,1,1,0,1.9,2,1,1,100,0,0,0,0,0,0,1,0,1,0,0,0,0,0,3.2,0,0,3
Christian Koloko,LAL,24,12,7,5,9.1,2,0.9,1.3,68.8,0,0.2,0,0.2,0.2,100,0.6,1.2,1.8,0.3,0.4,0.3,0.3,1,6.1,0,0,-0.1
Jalen Hood-Schifino,LAL,21,2,2,0,7.1,2,0.5,0.5,100,0,0,0,1,1,100,0.5,0,0.5,0.5,0.5,0,0.5,1.5,4.4,0,0,4
Jeff Dowtin Jr.,PHI,27,8,1,7,10,2,0.8,2.4,31.6,0.1,1,12.5,0.4,0.5,75,0.3,0.8,1,1.1,0.1,0.4,0,0.6,5.9,0,0,1
Justin Edwards,PHI,20,2,1,1,4.5,2,1,1.5,66.7,0,0.5,0,0,0.5,0,0,1,1,0.5,0,0,0,0,4,0,0,-1.5
Keshad Johnson,MIA,23,1,0,1,6.9,2,1,2,50,0,1,0,0,0,0,0,0,0,0,0,0,0,0,2,0,0,1
Maxi Kleber,DAL,32,12,9,3,17.6,2,0.8,2.1,36,0.2,0.7,25,0.3,0.5,66.7,0.4,2.8,3.3,0.6,0.8,0.2,0.4,2.3,7.8,0,0,4.1
Pat Spencer,GSW,28,5,3,2,5.5,2,0.8,1.8,44.4,0,0,0,0.4,0.4,100,0.6,0.4,1,1.4,0.4,0.2,0,0.6,5.5,0,0,-0.2
Ulrich Chomche,TOR,18,1,0,1,4.5,2,1,1,100,0,0,0,0,0,0,0,1,1,0,0,0,0,0,3.2,0,0,-4
Jericho Sims,NYK,26,20,12,8,13.8,1.9,0.9,1.3,72,0,0,0,0.1,0.3,40,1.6,2.7,4.2,0.7,0.5,0.3,0.5,1.5,9.7,0,0,2.4
Pacôme Dadiet,NYK,19,10,8,2,7.4,1.9,0.6,1.8,33.3,0.5,1.2,41.7,0.2,0.2,100,0,1.3,1.3,0.4,0.1,0.1,0.2,0.5,4.9,0,0,1.6
Dwight Powell,DAL,33,16,10,6,8.7,1.9,0.5,0.6,80,0,0,0,0.9,1.3,70,0.7,1.2,1.9,0.6,0.3,0.4,0.5,1.6,7.4,0,0,1.3
Matt Ryan,NYK,27,6,5,1,5.7,1.8,0.7,2.2,30.8,0.5,1.7,30,0,0,0,0,0.2,0.2,0,0.5,0,0,0,1.5,0,0,-3.8
Jevon Carter,CHI,29,10,3,7,5.2,1.8,0.7,2.2,31.8,0.4,1.5,26.7,0,0,0,0.1,0.6,0.7,0.6,0.4,0.3,0,0.1,4,0,0,2.2
Terrence Shannon Jr.,MIN,24,5,4,1,4.1,1.8,0.8,1.2,66.7,0.2,0.4,50,0,0,0,0,0.2,0.2,0.4,0.6,0.4,0.2,0,3.8,0,0,0.6
Enrique Freeman,IND,24,12,3,9,8.3,1.7,0.6,1.4,41.2,0.1,0.4,20,0.4,0.8,55.6,0.3,0.6,0.8,0.5,0.3,0.2,0.1,1.2,3.9,0,0,-1.9
MarJon Beauchamp,MIL,24,11,6,5,3.2,1.6,0.5,1.5,37.5,0.2,0.7,25,0.4,0.4,100,0.2,0.6,0.8,0.1,0.6,0.1,0,0.3,2.4,0,0,1.5
Alex Len,SAC,31,15,7,8,7.7,1.6,0.7,1.3,57.9,0,0.3,0,0.1,0.3,50,0.4,1.7,2.1,0.7,0.4,0.2,0.7,0.9,7.6,0,0,-3.5
Jazian Gortman,DAL,21,5,4,1,2.6,1.6,0.6,1,60,0.4,0.6,66.7,0,0,0,0.2,0,0.2,0,0.2,0,0.2,0.4,2.2,0,0,-0.2
Luke Travers,CLE,23,5,5,0,8,1.6,0.6,1.4,42.9,0,0.6,0,0.4,0.4,100,0.2,1,1.2,1,0.4,0.2,0.2,0.6,5.3,0,0,0.2
Ariel Hukporti,NYK,22,8,6,2,9.6,1.5,0.6,1.3,50,0,0,0,0.3,0.5,50,0.4,1.8,2.1,0.5,1,0,1,1.6,6.8,0,0,-3.3
Jaylen Martin,BKN,20,2,2,0,1.5,1.5,0.5,0.5,100,0.5,0.5,100,0,0,0,0,0,0,0,0,0,0,0.5,1.5,0,0,-2
Trevelin Queen,ORL,27,2,1,1,2.5,1.5,0.5,1.5,33.3,0.5,0.5,100,0,0,0,0,0,0,0,0.5,0,0,0.5,1,0,0,3
Jordan Walsh,BOS,20,15,12,3,8.9,1.4,0.5,1.7,32,0.3,1.3,25,0,0.1,0,0.3,0.8,1.1,0.2,0.2,0.3,0.4,0.7,4.8,0,0,1.7
Josh Minott,MIN,22,8,4,4,6.4,1.4,0.6,1.3,50,0,0.6,0,0.1,0.3,50,0,0.8,0.8,0.3,0.4,0.1,0.3,1.1,3.4,0,0,0.1
Adam Flagler,OKC,25,9,8,1,3.3,1.3,0.4,1.7,26.7,0.4,1.6,28.6,0,0,0,0.1,0.4,0.6,0,0,0.2,0,0.4,2.7,0,0,-0.3
Jack McVeigh,HOU,28,6,5,1,3.6,1.3,0.5,1.8,27.3,0.3,1.3,25,0,0,0,0.2,0.5,0.7,0.2,0.2,0,0.2,0.2,2.7,0,0,0.3
James Johnson,IND,37,3,0,3,3.5,1.3,0.7,1.3,50,0,0.3,0,0,0,0,0,0.7,0.7,0.7,1,0,0.3,0,3.1,0,0,2
Olivier-Maxence Prosper,DAL,22,12,9,3,5.3,1.3,0.6,1.8,33.3,0,0.3,0,0.2,0.3,66.7,0.7,0.6,1.3,0.1,0.1,0.2,0,0.5,3.4,0,0,-0.2
Xavier Tillman,BOS,25,14,13,1,9.5,1.3,0.5,1.9,25.9,0.2,1.1,20,0.1,0.1,50,0.5,1.6,2.1,0.4,0.3,0.2,0.2,0.9,5.5,0,0,0.8
Adem Bona,PHI,21,12,1,11,5.2,1.3,0.5,0.7,75,0,0,0,0.3,0.3,75,0.5,1.2,1.7,0,0.3,0,0.5,0.9,4.4,0,0,1.8
Liam Robbins,MIL,25,4,2,2,4.5,1.3,0.5,0.8,66.7,0,0.3,0,0.3,1,25,0.5,0.3,0.8,0,0,0,0,0.8,2.2,0,0,1
Zeke Nnaji,DEN,23,12,8,4,5.2,1.3,0.6,1.6,36.8,0,0.7,0,0.1,0.3,25,0.2,0.4,0.6,0.3,0.1,0.1,0.2,0.3,3,0,0,-4.6
Armel Traoré,LAL,21,5,3,2,7.5,1.2,0.6,1.6,37.5,0,0.8,0,0,0.4,0,0.2,1.2,1.4,0,0.4,0.6,0.2,1.2,4.9,0,0,-2.2
Brandon Williams,DAL,25,5,5,0,4.3,1.2,0.4,1.8,22.2,0,0.4,0,0.4,0.6,66.7,0.2,0.6,0.8,0.4,0.4,0,0,0.4,2.4,0,0,-3.2
Duop Reath,POR,28,11,4,7,4.7,1.2,0.5,1.6,27.8,0.3,1.2,23.1,0,0,0,0.5,0.3,0.7,0.2,0.1,0,0.2,0.5,2.8,0,0,-1.6
Cory Joseph,ORL,33,13,8,5,3.5,1.2,0.4,1.2,33.3,0.4,0.9,41.7,0,0,0,0.2,0.5,0.7,0.7,0.2,0.2,0.2,0.2,3.8,0,0,0.2
Branden Carlson,OKC,25,2,2,0,1.5,1,0.5,0.5,100,0,0,0,0,0,0,1,1,2,0,0,0,0,0,3.4,0,0,2
Cam Spencer,MEM,24,2,2,0,10.4,1,0.5,1,50,0,0.5,0,0,0,0,0,1,1,1,0.5,0,0.5,1,4.7,0,0,5
Chris Livingston,MIL,21,2,2,0,1.2,1,0.5,1,50,0,0,0,0,0,0,0.5,0.5,1,0,0,0,0,0,2.2,0,0,0.5
Colby Jones,SAC,22,12,5,7,4.3,1,0.4,1.1,38.5,0.2,0.4,40,0,0,0,0.3,0.5,0.8,0.3,0.3,0.2,0.2,0.4,2.9,0,0,-3.7
Gui Santos,GSW,22,6,5,1,3.7,1,0.3,0.8,40,0.2,0.5,33.3,0.2,0.3,50,0.2,0.8,1,0.3,0.3,0,0,0.5,2.4,0,0,2.5
Jared Rhoden,CHA,25,4,1,3,2.9,1,0.5,2,25,0,0.5,0,0,0,0,0.5,0.5,1,0.5,0.3,0.3,0,0.3,3.5,0,0,2
Markieff Morris,DAL,35,2,2,0,4.8,1,0.5,3,16.7,0,1,0,0,0,0,0,2,2,1,0,0,0,0,4.9,0,0,-4.5
Mouhamed Gueye,ATL,22,2,0,2,5.7,1,0.5,2,25,0,1,0,0,0,0,0,1,1,0,0.5,0,0,0,1.7,0,0,-0.5
Reece Beekman,GSW,23,2,2,0,2,1,0.5,0.5,100,0,0,0,0,0,0,0.5,0,0.5,0.5,0,0.5,0,0.5,3.9,0,0,0
Trey Alexander,DEN,21,8,4,4,5.2,0.9,0.3,1.3,20,0.1,0.8,16.7,0.3,0.3,100,0,0.1,0.1,0.3,0.1,0,0.1,0.4,1.7,0,0,-0.1
Jaden Springer,BOS,22,7,6,1,3.4,0.9,0.3,1,28.6,0,0.3,0,0.3,0.6,50,0.4,0.4,0.9,0.4,0.1,0.4,0,0.4,3.7,0,0,-3.3
Yuki Kawamura,MEM,23,12,10,2,2.9,0.8,0.3,1.1,23.1,0.1,0.8,11.1,0.3,0.3,75,0,0.2,0.2,0.6,0.3,0,0,0.3,1.6,0,0,-0.2
Baylor Scheierman,BOS,24,5,5,0,6.8,0.8,0.2,2,10,0,1.2,0,0.4,0.4,100,0.4,1,1.4,0.4,0,0.2,0,0.6,3.7,0,0,-2
Karlo Matković,NOP,23,5,1,4,7.7,0.8,0.4,1,40,0,0,0,0,0,0,1.2,0.8,2,0,0.8,0.6,0.6,0.8,6,0,0,0.2
Maxwell Lewis,LAL,22,5,3,2,3.6,0.8,0.4,0.8,50,0,0,0,0,0,0,0.4,0,0.4,0.4,0.2,0.2,0,0.2,2.3,0,0,-1.6
PJ Dozier,MIN,28,5,4,1,4.1,0.8,0.2,0.4,50,0.2,0.4,50,0.2,0.4,50,0.2,0.8,1,0.6,0.2,0.2,0,0.6,3.3,0,0,0.6
Caleb Houstan,ORL,21,13,8,5,4.5,0.8,0.2,1.4,16.7,0.2,1.2,13.3,0.2,0.2,100,0.1,0.5,0.5,0,0.1,0,0.1,0.5,1.6,0,0,-1
D.J. Carton,TOR,24,4,1,3,8.3,0.8,0.3,1.8,14.3,0,0.8,0,0.3,0.3,100,0,1,1,0.8,1,0.5,0,0.3,3.6,0,0,3
JD Davison,BOS,22,4,4,0,4.3,0.8,0.3,1,25,0,0.5,0,0.3,0.5,50,0,0.5,0.5,0.3,1,0.3,0,0.3,1.5,0,0,-6
Tristen Newton,IND,23,4,0,4,1.9,0.8,0.3,1.5,16.7,0,0.8,0,0.3,0.3,100,0,0,0,0.3,0.3,0,0,0.5,0.9,0,0,-0.8
Garrett Temple,TOR,38,7,3,4,4.1,0.7,0.3,0.7,40,0.1,0.3,50,0,0,0,0.1,0.4,0.6,0.7,0.1,0.6,0.1,0.9,4.5,0,0,0.7
Bronny James,LAL,20,6,4,2,2.6,0.7,0.2,1,16.7,0,0.7,0,0.3,0.3,100,0.2,0,0.2,0.3,0,0.2,0,0.3,1.9,0,0,-1.7
Colin Castleton,MEM,24,6,6,0,2.3,0.7,0,0.2,0,0,0.2,0,0.7,0.7,100,0,0.8,0.8,0,0,0,0.2,0.3,2.2,0,0,0.7
Sidy Cissoko,SAS,20,8,4,4,2.9,0.6,0.3,0.6,40,0.1,0.3,50,0,0.3,0,0.3,0.5,0.8,0.6,0.1,0,0,0.5,2.3,0,0,0.5
Cui Yongxi,BKN,21,5,2,3,2.1,0.6,0.2,1.4,14.3,0,0.6,0,0.2,0.4,50,0,0.4,0.4,0,0,0,0,0,1.1,0,0,0.4
Stanley Umude,MIL,25,5,4,1,3.1,0.6,0.2,0.6,33.3,0.2,0.6,33.3,0,0.4,0,0,0.6,0.6,0.2,0,0,0.2,0,2.2,0,0,1.2
AJ Johnson,MIL,20,4,2,2,2.1,0.5,0.3,0.8,33.3,0,0,0,0,0,0,0,0.3,0.3,0.3,0.3,0,0,0,0.9,0,0,1.3
Dominick Barlow,ATL,21,2,1,1,5.4,0.5,0,0.5,0,0,0,0,0.5,1,50,0,0,0,0,0,0,0,0.5,0.5,0,0,-2.5
Jalen Bridges,PHX,23,2,0,2,5.5,0.5,0,1,0,0,1,0,0.5,1,50,0,0.5,0.5,0,1,0,0,0,0.1,0,0,2.5
PJ Hall,DEN,22,4,2,2,2,0.5,0.3,0.8,33.3,0,0.5,0,0,0,0,0,0,0,0,0,0,0,0.3,0.5,0,0,-1
Jacob Toppin,NYK,24,6,5,1,3.2,0.3,0.2,0.5,33.3,0,0.3,0,0,0,0,0,0.5,0.5,0.3,0.2,0,0,0,1.3,0,0,-2.2
Malevy Leons,OKC,25,6,6,0,3.5,0.3,0,0.3,0,0,0.2,0,0.3,0.7,50,0.2,0.3,0.5,0.2,0.2,0,0,0.7,1,0,0,-3
Alex Ducas,OKC,23,4,4,0,1.8,0,0,0.8,0,0,0.5,0,0,0,0,0,0,0,0,0,0,0,0,0,0,0,0
Cole Swider,DET,25,2,0,2,6.5,0,0,2.5,0,0,2.5,0,0,0,0,0,1,1,0.5,0,0,0,0.5,2,0,0,5
Daishen Nix,MIN,22,1,1,0,4.5,0,0,0,0,0,0,0,0,0,0,0,2,2,2,2,0,0,0,3.4,0,0,8
Daniss Jenkins,DET,23,2,0,2,2.5,0,0,1,0,0,1,0,0,0,0,0,0,0,0,0,0,0,0.5,0,0,0,-2.5
Harrison Ingram,SAS,22,1,0,1,6.8,0,0,1,0,0,0,0,0,0,0,0,1,1,0,0,0,0,1,1.2,0,0,0
Jalen Pickett,DEN,25,2,1,1,1.9,0,0,0.5,0,0,0.5,0,0,0,0,0,0,0,0,0,0,0,0,0,0,0,0.5
Joe Ingles,MIN,37,7,5,2,3.7,0,0,0.3,0,0,0.3,0,0,0,0,0.3,0,0.3,1.3,0.1,0,0,0.7,2.1,0,0,-0.4
Justin Champagnie,WAS,23,2,0,2,2.3,0,0,0,0,0,0,0,0,0,0,0.5,0.5,1,0.5,0,0,0,1.5,2,0,0,6
Justin Minaya,POR,25,1,0,1,6.1,0,0,0,0,0,0,0,0,0,0,0,1,1,0,0,0,0,1,1.2,0,0,-2
Kessler Edwards,DAL,24,4,3,1,2.2,0,0,0.5,0,0,0.5,0,0,0,0,0,0,0,0,0.3,0,0,0.5,-0.3,0,0,-4.8
Mac McClung,ORL,25,1,0,1,4.9,0,0,0,0,0,0,0,0,0,0,0,1,1,2,0,0,0,0,4.2,0,0,11
Mason Jones,SAC,26,3,2,1,4.2,0,0,0.7,0,0,0.7,0,0,0,0,0.3,1,1.3,2.3,0,0,0,0.3,5.1,0,0,-0.3
Riley Minix,SAS,24,1,0,1,6.8,0,0,1,0,0,1,0,0,0,0,0,2,2,0,0,0,0,0,2.4,0,0,0
Spencer Jones,DEN,23,2,2,0,1.9,0,0,0.5,0,0,0.5,0,0,0,0,0,0.5,0.5,0,0,1,0,0,3.6,0,0,0.5
